SET NAMES utf8;

INSERT INTO `kwf_pools` (`id`, `pool`, `pos`, `value`, `visible`) VALUES
(1, 'Languages', 1, 'English', 1),
(2, 'Languages', 2, 'German', 1),
(3, 'Languages', 3, 'French', 1),
(4, 'Languages', 4, 'Italian', 1),
(5, 'Languages', 5, 'Spanish', 1),
(7, 'Branches', 1, 'Education', 1),
(8, 'Branches', 2, 'IT', 1),
(9, 'Branches', 3, 'Medicine', 1),
(10, 'Branches', 4, 'Tourism', 1),
(11, 'Branches', 5, 'Forschung', 1);

INSERT INTO `kwf_users` (`id`, `role`, `language`, `email`, `password`, `password_salt`, `gender`, `title`, `firstname`, `lastname`, `created`, `deleted`, `locked`, `logins`, `last_login`) VALUES
(9, 'admin', 'en', 'demo@koala-framework.org', 'b2c5ae6bb7bec6021e3224f316d8a0c0', '684e86989d', 'male', '', 'Koala', 'Framework', '2011-10-25 10:06:07', 0, 0, 2, '2011-10-25 10:50:59');

CREATE TABLE IF NOT EXISTS `recordIds` (
    `id` int NOT NULL,
    `year` int NOT NULL,
    `type` int NOT NULL
)  ENGINE=InnoDB DEFAULT CHARSET=utf8 COLLATE=utf8_unicode_ci;

CREATE TABLE IF NOT EXISTS `tasks` (
    `id` int(10) unsigned NOT NULL AUTO_INCREMENT,
    `userId` int NOT NULL,
    `title` varchar(300) COLLATE utf8_unicode_ci,
    `description` varchar(1000) COLLATE utf8_unicode_ci,
    `startDate` date,
    `endDate` date,
    `status` int NOT NULL DEFAULT '0',
    `picture_id` int(11) DEFAULT NULL,
    PRIMARY KEY (`id`),
    KEY `userId` (`userId`),
    KEY `picture_id` (`picture_id`)
)  ENGINE=InnoDB DEFAULT CHARSET=utf8 COLLATE=utf8_unicode_ci;

CREATE TABLE IF NOT EXISTS `speciality` (
    `id` int NOT NULL,
    `name` varchar(30) CHARACTER SET utf8 COLLATE utf8_unicode_ci,
    `Flight` char,
    `Pilot` char,
    `KWS` char,
    `Navigator` char,
    `Steward` char,
    `Ground` char,
    `SortOrder` int,
    `Fixed` char,
    `Hidden` char,
    PRIMARY KEY (`id`),
    INDEX `id` (`id` ASC),
    INDEX `SortOrder` (`SortOrder` ASC)
) ENGINE=InnoDB  DEFAULT CHARSET=utf8 COLLATE=utf8_unicode_ci;

INSERT INTO `speciality` (`id`, `name`, `Flight`, `Pilot`, `KWS`, `Navigator`, `Steward`, `Ground`, `SortOrder`, `Fixed`, `Hidden`) VALUES
(2, 'Пилот', '1', '1', '0', '0', '0', '0', 2, '1', '0'),
(4, 'Бортинженер', '1', '0', '0', '0', '0', '0', 4, '1', '0'),
(5, 'Бортмеханик', '1', '0', '0', '0', '0', '0', 5, '1', '0'),
(9, 'Техник АиРЭО', '0', '0', '0', '0', '0', '1', 10, '1', '0'),
(11, 'Техник по ЛАиД', NULL, NULL, NULL, NULL, NULL, NULL, NULL, NULL, NULL),
(12, 'Инженер по АиРЭО', NULL, NULL, NULL, NULL, NULL, NULL, NULL, NULL, NULL),
(13, 'Инженер по ЛАиД', NULL, NULL, NULL, NULL, NULL, NULL, NULL, NULL, NULL),
(14, '   ', NULL, NULL, NULL, NULL, NULL, NULL, NULL, NULL, NULL);

CREATE TABLE IF NOT EXISTS `employee` (
    `id` int(8) unsigned NOT NULL AUTO_INCREMENT,
    `firstname` varchar(255) CHARACTER SET utf8 COLLATE utf8_unicode_ci NOT NULL,
    `lastname` varchar(255) CHARACTER SET utf8 COLLATE utf8_unicode_ci NOT NULL,
    `middlename` varchar(255) CHARACTER SET utf8 COLLATE utf8_unicode_ci NOT NULL,
    `firstnameEn` varchar(255) CHARACTER SET utf8 COLLATE utf8_unicode_ci,
    `lastnameEn` varchar(255) CHARACTER SET utf8 COLLATE utf8_unicode_ci,
    `visible` tinyint(3) unsigned DEFAULT '1',
    `birthDate` date DEFAULT NULL,
    `birthPlace` varchar(255) DEFAULT NULL,
    `sex` enum('male','female') NOT NULL DEFAULT 'male',
    `picture_id` int(11) DEFAULT NULL,
    `privatePhone` varchar(255) DEFAULT NULL,
    `registerAddress` varchar(512) DEFAULT NULL,
    `INN` varchar(100) DEFAULT NULL,
    `comment` varchar(1000) DEFAULT NULL,
    `currentCompanyId` int(11) unsigned DEFAULT NULL,
    `subCompanyId` int(11) unsigned DEFAULT NULL,
    `subCompanyName` VARCHAR(200)  COLLATE utf8_unicode_ci DEFAULT ' ';
    `orderNumber` varchar(30) DEFAULT NULL,
    `orderDate` date DEFAULT NULL,
    `isAllowed` tinyint(3) unsigned NOT NULL DEFAULT '1',
    `totalTimeInMinutes` int UNSIGNED,
    `totalTimeStr` varchar(20),
    `totalTimeDate` date DEFAULT NULL,
    `specId` int(8) unsigned DEFAULT NULL,
    `positionId` int(8) unsigned DEFAULT NULL,
    `isLeader` tinyint(3) unsigned DEFAULT '0',
    `failsDocNumber` varchar(20) DEFAULT NULL,
    `specTypeId` int(8) unsigned DEFAULT NULL,
    `groupType` tinyint DEFAULT 1,
    `userId` int(11) unsigned DEFAULT NULL,
    `ruPassportNumber` VARCHAR(20) DEFAULT NULL,
    `ruPassportDate` DATE DEFAULT NULL,
    `ruPassportCompany` VARCHAR(500) DEFAULT NULL,
    `enPassportNumber` VARCHAR(20) DEFAULT NULL,
    `enPassportDate` DATE DEFAULT NULL,
    `enPassportCompany` VARCHAR(500) DEFAULT NULL,
    `listPosition` VARCHAR (10) DEFAULT '0',
    `citizenship` VARCHAR (100),
    `isOOO` BOOL DEFAULT false NOT NULL,
    `timePerDay` time DEFAULT '07:12:00',
    PRIMARY KEY (`id`),
    KEY `picture_id` (`picture_id`)
)  ENGINE=InnoDB  DEFAULT CHARSET=utf8 COLLATE=utf8_unicode_ci;

CREATE TABLE IF NOT EXISTS `employeeFlightRoles` (
  `id` int(10) unsigned NOT NULL AUTO_INCREMENT,
  `pos` tinyint(3) unsigned NOT NULL,
  `groupId` int(5) unsigned DEFAULT NULL,
  `employeeId` int(8) unsigned NOT NULL,
  PRIMARY KEY (`id`),
  KEY `employeeId` (`employeeId`),
  KEY `groupId` (`groupId`)
) ENGINE=InnoDB  DEFAULT CHARSET=utf8 COLLATE=utf8_unicode_ci;

CREATE TABLE IF NOT EXISTS `employeeStaffRoles` (
  `id` int(10) unsigned NOT NULL AUTO_INCREMENT,
  `pos` tinyint(3) unsigned NOT NULL,
  `groupId` int(5) unsigned DEFAULT NULL,
  `employeeId` int(8) unsigned NOT NULL,
  PRIMARY KEY (`id`),
  KEY `employeeId` (`employeeId`),
  KEY `groupId` (`groupId`)
) ENGINE=InnoDB  DEFAULT CHARSET=utf8 COLLATE=utf8_unicode_ci;

CREATE TABLE IF NOT EXISTS `links` (
    `id` int(10) unsigned NOT NULL AUTO_INCREMENT,
    `name` varchar(100) COLLATE utf8_unicode_ci NOT NULL,
    PRIMARY KEY (`id`),
    KEY `name` (`name`)
) ENGINE=InnoDB DEFAULT CHARSET=utf8 COLLATE=utf8_unicode_ci;

CREATE TABLE IF NOT EXISTS `link_data` (
    `id` int(10) unsigned NOT NULL AUTO_INCREMENT,
    `link_id` int(11) unsigned NOT NULL,
    `name` varchar(100) COLLATE utf8_unicode_ci NOT NULL,
    `value` varchar(255) COLLATE utf8_unicode_ci NOT NULL,
    `desc` varchar(1024) COLLATE utf8_unicode_ci NOT NULL,
    `pos` smallint unsigned NOT NULL DEFAULT 0,
    PRIMARY KEY (`id`),
    KEY `link_id` (`link_id`)
) ENGINE=InnoDB DEFAULT CHARSET=utf8 COLLATE=utf8_unicode_ci;


INSERT INTO `links` (`id`, `name`) VALUES
(4, 'Типы полетов'),
(5, 'Оценки'),
(7, 'Типы налета'),
(8, 'Позиции на борту'),
(12, 'Цель полета'),
(13, 'Компании для ПЗ'),
(16, 'Подразделения'),
(17, 'Должности'),
(18, 'Типы документов'),
(19, 'Свидетельства специалиста'),
(20, 'Тип экипажа'),
(21, 'Метеоминимумы'),
(22, 'Статусы ВС'),
(23, 'Дополнительные позиции'),
(24, 'Типы проверок'),
(25, 'Типы курсов'),
(26, 'Тип захода'),
(27, 'Состояния сотрудника'),
(28, 'Типы наработки');

--
-- Dumping data for table `link_data`
--

INSERT INTO `link_data` (`link_id`, `name`, `value`, `desc`) VALUES
(4, 'Типы полетов', 'Посадка СМУ', 'Посадка СМУ'),
(4, 'Типы полетов', 'Посадка ОСП', 'Посадка ОСП'),
(4, 'Типы полетов', 'Посадка МПВП', 'Посадка МПВП'),
(4, 'Типы полетов', 'Посадка РМС', 'Посадка РМС'),
(4, 'Типы полетов', 'Посадка СИВ', 'Посадка СИВ'),
(4, 'Типы полетов', 'Посадка КТВ', 'Посадка КТВ'),
(4, 'Типы полетов', 'Лебедка вода', 'Лебедка вода'),
(4, 'Типы полетов', 'Лебедка суша', 'Лебедка суша'),
(4, 'Типы полетов', 'Вн.подвеска', 'Вн.подвеска'),
(4, 'Типы полетов', 'Воздущная съемка', 'Воздущная съемка'),
(5, 'Оценки', 'зачет', 'зачет'),
(5, 'Оценки', 'допущен', 'допущен'),
(5, 'Оценки', 'три', 'удовлетворительно'),
(5, 'Оценки', 'четыре', 'хорошо'),
(5, 'Оценки', 'пять', 'отлично'),
(7, 'Типы налета', 'Налет', 'Общий за день/учетный период'),
(7, 'Типы налета', 'Налет КВС', 'В качестве командира воздушного судна'),
(7, 'Типы налета', 'Налет ночью', 'Налет ночью'),
(7, 'Типы налета', 'Время работы', 'Наработка за день'),
(7, 'Типы налета', 'КТВ', 'На комплексном тренажере'),
(7, 'Типы налета', 'МО, над водой', 'На морские объекты, над водой'),
(7, 'Типы налета', 'ППП', 'По приборам'),
(7, 'Типы налета', 'Самост.  ВП', 'Самостоятельный  вторым пилотом'),
(7, 'Типы налета', 'Лебедка', 'С применением спуско-подъемных устройств'),
(7, 'Типы налета', 'Вн.подвеска', 'С грузом на внешней подвеске'),
(7, 'Типы налета', 'Тренировочный', 'Тренировочный'),
(7, 'Типы налета', 'Воздушная съемка', 'Воздушная съемка'),
(7, 'Типы налета', 'ЛАР', 'Лесоавиационные работы'),
(7, 'Типы налета', 'Инструктор', 'В качестве инструктора'),
(7, 'Типы налета', 'Ночь МБУ (МС)', 'Ночью на морские буровые установки (морские суда)'),
(8, 'Позиции на борту', 'КВС', 'Командир Воздушного Судна'),
(8, 'Позиции на борту', 'Инструктор', 'КВС Инструктор'),
(8, 'Позиции на борту', 'Второй пилот', 'Второй пилот'),
(8, 'Позиции на борту', 'Бортмеханик', 'Бортмеханик'),
(8, 'Позиции на борту', 'Спасатель', 'Спасатель'),
(8, 'Позиции на борту', 'Авиатехник', 'Авиатехник'),
(8, 'Позиции на борту', 'Техник АиРЭО', 'Техник АиРЭО'),
(8, 'Позиции на борту', 'Проверяющий', 'Проверяющий'),
(8, 'Позиции на борту', 'Флайтменеджер', 'Флайтменеджер'),
(8, 'Позиции на борту', 'Стажер', 'Стажер'),
(8, 'Позиции на борту', 'Тренируемый', 'Тренируемый'),
(8, 'Позиции на борту', 'По специальности', 'По специальности'),
(8, 'Позиции на борту', 'Пилот', 'Командир вертолета, выполняющий полеты с правого кресла'),
(9, 'Категории организаций', 'Банки', 'Банки'),
(9, 'Категории организаций', 'ВЛЕК', 'ВЛЕК'),
(9, 'Категории организаций', 'Заводы изготовители', 'Заводы изготовители'),
(9, 'Категории организаций', 'Иные госорганизации', 'Иные госорганизации'),
(9, 'Категории организаций', 'Организации выполняющие ТО', 'Организации выполняющие ТО'),
(9, 'Категории организаций', 'Организации обеспечения полетов', 'Организации обеспечения полетов'),
(9, 'Категории организаций', 'Ремонтные заводы', 'Ремонтные заводы'),
(9, 'Категории организаций', 'Страховые компании', 'Страховые компании'),
(9, 'Категории организаций', 'Учебные заведения', 'Учебные заведения'),
(9, 'Категории организаций', 'ФАС РФ и Региональные представительства', 'ФАС РФ и Региональные представительства'),
(9, 'Категории организаций', 'Эксплуатанты', 'Эксплуатанты'),
(12, 'Цель полета', 'тр-ка', 'тренировка'),
(12, 'Цель полета', 'прокр', 'прокрутка'),
(12, 'Цель полета', 'довод', 'доводка'),
(12, 'Цель полета', 'ППиГ', 'перевозка пассажиров и грузов'),
(12, 'Цель полета', 'аэров', 'аэровизуальный'),
(12, 'Цель полета', 'труба', 'облет трубопровода'),
(12, 'Цель полета', 'ОСП', 'тренировка заходы ОСП'),
(12, 'Цель полета', 'санзд', 'сан. задание'),
(12, 'Цель полета', 'МБУ', 'МБУ'),
(12, 'Цель полета', 'АСР', 'аварийно-спасательные работы'),
(12, 'Цель полета', 'ПСО', 'поисково-спасательные работы'),
(12, 'Цель полета', 'внпод', 'внешняя подвеска'),
(12, 'Цель полета', 'контр', 'контрольное висение'),
(12, 'Цель полета', 'перег', 'перегон ВС'),
(12, 'Цель полета', 'комм', 'коммерческий'),
(12, 'Цель полета', 'дежур', 'дежурство'),
(12, 'Цель полета', 'съем', 'воздушная съемка'),
(12, 'Цель полета', 'ЛАР', 'лесоавиационные работы'),
(12, 'Цель полета', 'запр', 'заправка'),
(12, 'Цель полета', 'облет', 'облет ВС'),
(12, 'Цель полета', 'хран', 'хранение'),
(12, 'Цель полета', 'резер', 'резерв'),
(13, 'Компании для ПЗ', 'Авиашельф', 'Авиашельф'),
(15, 'Виды ВС', 'Самолет', 'Самолет'),
(15, 'Виды ВС', 'Вертолет', 'Вертолет'),
(16, 'Подразделения', 'ИАС г. Южно-Сахалинска', 'ИАС г. Южно-Сахалинска'),
(16, 'Подразделения', 'ЛC', 'ЛC'),
(16, 'Подразделения', 'ШИШКИН', 'ШИШКИН'),
(16, 'Подразделения', 'ТУГУШЕВ', 'ТУГУШЕВ'),
(16, 'Подразделения', 'ХРИСТОРАДОВ', 'ХРИСТОРАДОВ'),
(16, 'Подразделения', 'ГАВРИЩУК', 'ГАВРИЩУК'),
(17, 'Должности', 'Командир ЛО', 'Командир летного отряда'),
(17, 'Должности', 'Зам.командира ЛО', 'Заместитель командира летного отряда'),
(17, 'Должности', 'Командир АЭ', 'Командир авиационной эскадрильи'),
(17, 'Должности', 'Зам.командира АЭ', 'Заместитель командира авиационной эскадрильи'),
(17, 'Должности', 'Ст.пилот-инструктор', 'Старший пилот-инструктор'),
(17, 'Должности', 'КВС-инструктор', 'Командир воздушного судна-инструктор'),
(17, 'Должности', 'КВС', 'Командир воздушного судна'),
(17, 'Должности', 'Второй пилот', 'Второй пилот'),
(17, 'Должности', 'Штурман ЛО', 'Штурман летного отряда'),
(17, 'Должности', 'Штурман АЭ', 'Штурман авиационной эскадрильи'),
(17, 'Должности', 'Штурман-инструктор', 'Штурман-инструктор'),
(17, 'Должности', 'Ст.штурман', 'Старший штурман'),
(17, 'Должности', 'Штурман', 'Штурман'),
(17, 'Должности', 'Бортинженер ЛО', 'Бортинженер летного отряда'),
(17, 'Должности', 'Бортинженер АЭ', 'Бортинженер авиационной эскадрильи'),
(17, 'Должности', 'Б/инж.-инструктор', 'Бортинженер-инструктор'),
(17, 'Должности', 'Бортинженер', 'Бортинженер'),
(17, 'Должности', 'Бортмеханик ЛО', 'Бортмеханик летного отряда'),
(17, 'Должности', 'Бортмеханик АЭ', 'Бортмеханик авиационной эскадрильи'),
(17, 'Должности', 'Б/мех.-инструктор', 'Бортмеханик-инструктор'),
(17, 'Должности', 'Бортмеханик', 'Бортмеханик'),
(17, 'Должности', 'Ст.бортмеханик', 'Старший бортмеханик'),
(17, 'Должности', 'Бортрадист ЛО', 'Бортрадист летного отряда'),
(17, 'Должности', 'Бортрадист АЭ', 'Бортрадист авиационной эскадрильи'),
(17, 'Должности', 'Б/рад.-инструктор', 'Бортрадист-инструктор'),
(17, 'Должности', 'Бортрадист', 'Бортрадист'),
(17, 'Должности', 'Бортоператор ЛО', 'Бортоператор летного отряда'),
(17, 'Должности', 'Бортоператор АЭ', 'Бортоператор авиационной эскадрильи'),
(17, 'Должности', 'Б/опер.-инструктор', 'Бортоператор-инструктор'),
(17, 'Должности', 'Бортоператор', 'Бортоператор'),
(17, 'Должности', 'Нач.службы БПиС', 'Начальник службы бортпроводников'),
(17, 'Должности', 'Зам.нач.БПиС', 'Заместитель начальника службы бортпроводников'),
(17, 'Должности', 'Ст.бортпроводник', 'Старший бортпроводник'),
(17, 'Должности', 'Б/пров.-инструктор', 'Бортпроводник-инструктор'),
(17, 'Должности', 'Бортпроводник', 'Бортпроводник'),
(17, 'Должности', 'Генеральный директор', 'Генеральный директор'),
(17, 'Должности', 'Главный бухгалтер', 'Главный бухгалтер'),
(17, 'Должности', '1й замдиректора', 'Первый заместитель генерального директора'),
(17, 'Должности', 'Летный директор', 'Летный директор'),
(17, 'Должности', 'Начальник ЛС', 'Начальник летной службы'),
(17, 'Должности', 'Начальник БП', 'Начальник инспекции по безопасности полетов'),
(17, 'Должности', 'Начальник инспекции', 'Начальник инспекции'),
(17, 'Должности', 'Шеф-пилот', 'Главный пилот (командир летного отряда)'),
(17, 'Должности', 'Зам по ОЛР', 'Заместитель генерального директора по организации летной работы'),
(17, 'Должности', 'Ст.бортрадист', 'Старший бортрадист'),
(17, 'Должности', 'Ст.бортинженер', 'Старший бортинженер'),
(17, 'Должности', 'Пилот-инструктор', 'Пилот-инструктор'),
(17, 'Должности', 'КВС-стажер', 'Командир воздушного судна-стажер'),
(17, 'Должности', 'Б/рад-флайт-менеджер', 'Бортрадист-флайт-менеджер'),
(17, 'Должности', 'Зам по ИАО', 'Заместитель генерального директора по инженерно-авиационному обеспечению'),
(17, 'Должности', 'Главный инженер', 'Главный инженер'),
(17, 'Должности', 'Технический директор', 'Технический директор'),
(17, 'Должности', 'Начальник ИАС', 'Начальник инженерно-авиационной службы'),
(17, 'Должности', 'Начальник ПДО', 'Начальник планово-диспетчерского отдела'),
(17, 'Должности', 'Главный инспектор', 'Главный инспектор'),
(17, 'Должности', 'Рук. по качеству', 'Руководитель по качеству'),
(17, 'Должности', 'Исполнит. директор', 'Исполнительный директор'),
(17, 'Должности', 'Советник по АБ', 'Советник по авиационной безопасности'),
(17, 'Должности', 'Советник по ПАП', 'Советник по предотвращению авиационных происшествий'),
(17, 'Должности', 'Директор', 'Директор авиакомпании'),
(17, 'Должности', 'Начальник штаба', 'Начальник штаба'),
(17, 'Должности', 'Начальник ПДС', 'Начальник планово-диспетчерской службы'),
(17, 'Должности', 'Ответственный за ООП', 'Руководитель, отвечающий за организацию и обеспечение полетов'),
(17, 'Должности', 'Главный штурман', 'Главный штурман (ответственный за аэронавигационное обеспечение)'),
(17, 'Должности', 'Начальник службы АБ', 'Начальник службы авиационной безопасности'),
(17, 'Должности', 'Директор филиала', 'Директор филиала'),
(17, 'Должности', 'Дир. представит-ва', 'Директор представительства'),
(17, 'Должности', 'Дир. сл.безопасности', 'Директор службы безопасности'),
(17, 'Должности', 'Командир УТЦ', 'Командир учебно тренировочного центра'),
(17, 'Должности', 'Начальник ЛШО', 'Начальник летно-штурманского отдела УГА'),
(17, 'Должности', 'Зам. ген. директора', 'Заместитель генерального директора'),
(17, 'Должности', 'Пилот-инспектор', 'Пилот инспектор ИБП, ООЛЭ'),
(17, 'Должности', 'Начальник отдела', 'Начальник отдела'),
(17, 'Должности', 'Зам. директора', 'Заместитель директора'),
(17, 'Должности', 'Директор службы  АБ', 'Директор службы авиационной безопасности'),
(17, 'Должности', 'Начальник смены', 'Начальник смены'),
(17, 'Должности', 'Начальник АТБ', 'Начальник авиационно-технической базы'),
(17, 'Должности', 'ИО главного пилота', 'Исполняющий обязанности главного пилота'),
(17, 'Должности', 'Зам. начальника ЛС', 'Заместитель начальника летной службы'),
(17, 'Должности', 'Авиатехн.по А и РЭО', 'Авиатехн.по А и РЭО'),
(17, 'Должности', 'Авиатехник по ВиД', 'Авиатехник по вертолетам и двигателям'),
(17, 'Должности', 'Б/мех. филиала', 'Бортмеханик филиала'),
(17, 'Должности', 'Б/механик Ми-8,Ка-32', 'Бортмеханик Ми-8, Ка-32'),
(17, 'Должности', 'Бортинж.-стажер', 'Бортинженер-стажер'),
(17, 'Должности', 'Бортмех.-стажер', 'Бортмеханик-стажер'),
(17, 'Должности', 'Бортопер.-стажер', 'Бортоператор-стажер'),
(17, 'Должности', 'Бортпров.-стажер', 'Бортпроводник-стажер'),
(17, 'Должности', 'Бортрад.-стажер', 'Бортрадист-стажер'),
(17, 'Должности', 'Вед.инж-инсп.ООЛЭ', 'Ведущий инженер-инспектор ООЛЭ'),
(17, 'Должности', 'Вед.пилот-инсп.ООЛЭ', 'Ведущий пилот-инспектор ООЛЭ'),
(17, 'Должности', 'Вед.штурман-инспООЛЭ', 'Ведущий штурман-инспектор ООЛЭ'),
(17, 'Должности', 'Ведущий штурман', 'Ведущий штурман'),
(17, 'Должности', 'Второй пилот-стажер', 'Второй пилот-стажер'),
(17, 'Должности', 'Главный специалист', 'Главный специалист'),
(17, 'Должности', 'Дир.летной службы', 'Директор летной службы'),
(17, 'Должности', 'Директор ЛТК', 'Директор ЛТК'),
(17, 'Должности', 'ЗКЛО по ОЛР', 'Заместитель командира летного отряда по организации летной работы'),
(17, 'Должности', 'ЗКОАО по экономике', 'ЗКОАО по экономике'),
(17, 'Должности', 'Зам по безопасности', 'Заместитель генерального директора по безопасности'),
(17, 'Должности', 'Зам. нач. ИАС произв', 'Заместитель начальника ИАС по производству'),
(17, 'Должности', 'Зам. нач. ЛС по ЛМР', 'Зам. нач.летной службы по летно-методической работе'),
(17, 'Должности', 'Зам. по ИАС', 'Заместитель генерального директора по ИАС'),
(17, 'Должности', 'Зам.Ген.дир. произв.', 'Заместитель Генерального директора по производству'),
(17, 'Должности', 'Зам.ЛД по вертолетам', 'Заместитель летного директора по вертолетам'),
(17, 'Должности', 'Зам.НЛС по ОК и СБИ', 'Зам.нач. летной службы по объективному контролю и средствам бортовой информации'),
(17, 'Должности', 'Зам.ген.дир по ИАО', 'Зам. ген.дир.по инженерно-авиационному обеспечению'),
(17, 'Должности', 'Зам.ген.дир. по ОЛР', 'Зам. ген.дир.по организации летной работы.'),
(17, 'Должности', 'Зам.ген.дир.по АБ', 'Зам.ген.дир.по авиационной безопасности'),
(17, 'Должности', 'Зам.ген.дир.по БПиК', 'Зам. ген. дир. по безопасности полетов и качеству'),
(17, 'Должности', 'Зам.дир.предст.поОЛР', 'Заместитель директора представительства по ОЛР'),
(17, 'Должности', 'Зам.дир.фил. по ОЛР', 'Заместитель директора филиала по ОЛР'),
(17, 'Должности', 'Зам.командира ЛТК', 'Заместитель командира летно-технического комплекса'),
(17, 'Должности', 'Зам.нач. ОМОН', 'Заместитель начальника ОМОН Сахалинской области'),
(17, 'Должности', 'Зам.нач.ИАСпо произ.', 'Заместитель начальника ИАС по производству'),
(17, 'Должности', 'Зам.нач.ЛС по ОЛР', 'Зам.начальника летной службы по ОЛР'),
(17, 'Должности', 'Зам.нач.летн. подраз', 'Зам. нач.летного подразделения'),
(17, 'Должности', 'Зам.нач.отдела ЧС', 'Заместитель начальника отдела по чрезвычайным ситуациям штаба УВД Сахалинской области'),
(17, 'Должности', 'Зам.техн.директора', 'Заместитель технического директора'),
(17, 'Должности', 'Инж. ОТК по А и РЭО', 'Инж. ОТК по А и РЭО'),
(17, 'Должности', 'Инж. ОТК по ВиД', 'Инж. ОТК по ВиД'),
(17, 'Должности', 'Инж. лабор. АиРЭО', 'Инженер лаборатории АиРЭО'),
(17, 'Должности', 'Инж.ГПП и РВС', 'Инженер группы подготовки производства и ремонта воздушных судов'),
(17, 'Должности', 'Инж.ОПЛГ', 'Инженер ОПЛГ'),
(17, 'Должности', 'Инж.ОТК ИАС', 'Инженер ОТК ИАС'),
(17, 'Должности', 'Инж.гр. ТО по А иРЭО', 'Инж.гр. ТО по А иРЭО'),
(17, 'Должности', 'Инж.группы ТО по ВиД', 'Инженер группы технического обслуживания по вертолету и двигателям'),
(17, 'Должности', 'Инж.смены ЛАиД', 'Инженер смены ЛАиД'),
(17, 'Должности', 'Инж.смены гр.технол.', 'Инженер смены группы технологического обеспечения и ТО ВС'),
(17, 'Должности', 'Инженер ПДО', 'Инженер производственно-диспетчерского отдела'),
(17, 'Должности', 'Инженер смены АИРЭО', 'Инженер смены АИРЭО'),
(17, 'Должности', 'КВС Ми-8, Ка-32', 'Командир вертолета'),
(17, 'Должности', 'Командир полка', 'Командир полка'),
(17, 'Должности', 'Коммерческ. директор', 'Коммерческ. директор'),
(17, 'Должности', 'Нач. головной АТБ', 'Нач. головной АТБ'),
(17, 'Должности', 'Нач. отдела ЛТЭ', 'Начальник отдела летно-технической эксплуатации'),
(17, 'Должности', 'Нач. отдела ООП', 'Начальник отдела обеспечения организации полетов'),
(17, 'Должности', 'Нач.вертол.участка', 'Начальник вертолетного участка'),
(17, 'Должности', 'Нач.инспекции БП', 'Начальник инспекции по безопасности полетов'),
(17, 'Должности', 'Нач.лаборат.АиРЭО', 'Начальник лаборатории А и РЭО АТБ'),
(17, 'Должности', 'Нач.летн.подраздел.', 'Начальник летного подразделения'),
(17, 'Должности', 'Нач.отд. внеш.экон.', 'Нач.отд. внеш.экон.'),
(17, 'Должности', 'Нач.отд.операт.управ', 'Начальник отдела оперативного управления'),
(17, 'Должности', 'Нач.отдела  АНО', 'Начальник отдела аэронавигационного обеспечения'),
(17, 'Должности', 'Нач.отдела перевозок', 'Начальник отдела перевозок'),
(17, 'Должности', 'Нач.сл.орг.авиац.раб', 'Нач. службы организации авиационных работ'),
(17, 'Должности', 'Нач.штаба УВД', ' Начальник штаба УВД г.Южно - Сахалинск'),
(17, 'Должности', 'Начальн. лин. станц.', 'Начальник линейной станции'),
(17, 'Должности', 'Начальник ИДН', 'Начальник инспекции по делам несовершеннолетних'),
(17, 'Должности', 'Начальник ЛМО', 'Начальник летно-методического отдела'),
(17, 'Должности', 'Начальник МСЧ', 'Начальник МСЧ'),
(17, 'Должности', 'Начальник ООЛЭ', 'Начальник отдела организации летной эксплуатации'),
(17, 'Должности', 'Начальник ОТК', 'Начальник ОТК'),
(17, 'Должности', 'Начальник ПДС', 'Начальник ПДС'),
(17, 'Должности', 'Начальник СБПК', 'Начальник службы безопасности полетов и качества'),
(17, 'Должности', 'Начальник СОАР', 'Нач.службы организ.авиаработ'),
(17, 'Должности', 'Начальник цеха АТБ', 'Начальник цеха АТБ'),
(17, 'Должности', 'Пилот-инс.Ми-8,Ка-32', 'Пилот-инструктор Ми-8, Ка-32'),
(17, 'Должности', 'Предст. АФЛ в Японии', 'Представитель Аэрофлота в Хакодате ( Япония)'),
(17, 'Должности', 'Рук.летн.подраздел.', 'Руководитель летного подразделения'),
(17, 'Должности', 'Служба в армии', 'Служба в армии'),
(17, 'Должности', 'Советник по БП', 'Советник по безопасности полетов'),
(17, 'Должности', 'Советник по качеству', 'Советник по качеству'),
(17, 'Должности', 'Спец.по сертификации', 'Спец.по сертификации'),
(17, 'Должности', 'Ст диспетчер ПДС', 'Старший диспетчер производственно-диспетчерской службы'),
(17, 'Должности', 'Ст. инж.  АИРЭО', 'Старший инженер по АИРЭО'),
(17, 'Должности', 'Ст. инженер ОПЛГ', 'Старший инженер отдела по поддержанию летной годности'),
(17, 'Должности', 'Ст. инспектор', 'Старший инспектор'),
(17, 'Должности', 'Ст.б/мех.-инстр.верт', 'Старший бортмеханик инструктор Ми-8, Ка-32'),
(17, 'Должности', 'Ст.бортоператор', 'Старший бортоператор'),
(17, 'Должности', 'Ст.бортпров.инстр', 'Старший бортпроводник-инструктор'),
(17, 'Должности', 'Ст.диспетчер ПДС', 'Старший диспетчер ПДС'),
(17, 'Должности', 'Ст.инж-пил по БП', 'Ст.инж-пилот по БП'),
(17, 'Должности', 'Ст.инж."Базы Ю-Сах"', 'Старший инженер "Базы Южно-Сахалинск"'),
(17, 'Должности', 'Ст.инж.ОПЛГ', 'Старший инженер ОПЛГ'),
(17, 'Должности', 'Ст.инж.по сертиф.ИАС', 'Старший инженер по сертификации ИАС'),
(17, 'Должности', 'Ст.инженер ПДО', 'Старший инженер ПДО'),
(17, 'Должности', 'Ст.пилот-инсп. ИБП', 'Старший пилот-инспектор инспекции по безопасности полетов'),
(17, 'Должности', 'Ст.пилот-инструктор', 'Ст.пилот-инструктор'),
(17, 'Должности', 'Ст.штурман филиала', 'Старший штурман филиала'),
(17, 'Должности', 'Старший б/м ЛС', 'Старший бортмеханик летной службы'),
(17, 'Должности', 'Старший инженер ОТК', 'Старший инженер отдела технического контроля'),
(17, 'Должности', 'Старший штурман ЛС', 'Старший штурман ЛС'),
(17, 'Должности', 'Тех.по уч. нар.ресур', 'Техник по учету наработки ресурсов'),
(17, 'Должности', 'Техник ГПП и РВС', 'Техник Группы подготовки производства и ремонта ВС'),
(17, 'Должности', 'Штурман-стажер', 'Штурман-стажер'),
(17, 'Должности', 'и.о.Гл. инженера АТБ', ' исполняющий обязанности Главного инженера АТБ'),
(17, 'Должности', 'Главный пилот', 'Главный пилот'),
(17, 'Должности', 'КВС-спец. по ПЛС', 'КВС-вед.спец. по ПЛС'),
(17, 'Должности', 'Пилот-инстр-ГСпоОКЛД', 'Пилот-инструктор - гл. спец. по ОКЛД'),
(17, 'Должности', 'Бортмеханик-инстр', 'Бортмеханик-инстр'),
(18, 'Типы документов', 'Паспорт', 'Паспорт РФ'),
(18, 'Типы документов', 'Сертификат о прохождении теста', 'Сертификат о прохождении теста'),
(18, 'Типы документов', 'Загран паспорт', 'Заграничный паспорт'),
(18, 'Типы документов', 'Полис', 'Медицинский полис'),
(18, 'Типы документов', 'Первичная подготовка', 'Первичная подготовка'),
(18, 'Типы документов', 'Диплом', 'Высшее образование'),
(18, 'Типы документов', 'Связь на англ. языке', 'Связь на английском языке'),
(18, 'Типы документов', 'КРС по ОЛР', 'КРС по ОЛР'),
(18, 'Типы документов', 'Охрана труда', 'Охрана труда'),
(18, 'Типы документов', 'Расследование АП', 'Расследование АП'),
(18, 'Типы документов', 'BRNAV', 'BRNAV'),
(18, 'Типы документов', 'II кат. ИКАО', 'II кат. ИКАО'),
(18, 'Типы документов', 'III кат. ИКАО', 'III кат. ИКАО'),
(18, 'Типы документов', 'RVSM in NAT-MNPS', 'RVSM in NAT-MNPS'),
(18, 'Типы документов', 'АСР подбор день', 'АСР подбор день'),
(18, 'Типы документов', 'АСР подбор ночь', 'АСР подбор ночь'),
(18, 'Типы документов', 'АСР с/п вода', 'АСР с/п вода'),
(18, 'Типы документов', 'АСР с/п суша', 'АСР с/п суша'),
(18, 'Типы документов', 'АСР с/п ночь', 'АСР с/п ночь'),
(18, 'Типы документов', 'Аэровизуальные', 'Аэровизуальные'),
(18, 'Типы документов', 'Горы', 'Горы'),
(18, 'Типы документов', 'Дисп устан.', 'Дисп устан.'),
(18, 'Типы документов', 'КВС', 'КВС'),
(18, 'Типы документов', 'Корабль', 'Корабль'),
(18, 'Типы документов', 'ЛАР (ВСУ)', 'ЛАР (ВСУ)'),
(18, 'Типы документов', 'МБУ', 'МБУ'),
(18, 'Типы документов', 'Парашют', 'Парашют'),
(18, 'Типы документов', 'Перевозка ОГ', 'Перевозка ОГ'),
(18, 'Типы документов', 'Подвеска', 'Подвеска'),
(18, 'Типы документов', 'Полеты на МВЛ', 'Полеты на МВЛ'),
(18, 'Типы документов', 'Полеты ночью', 'Полеты ночью'),
(19, 'Свидетельства специалиста', 'Свидетельство линейного пилота', 'Свидетельство линейного пилота'),
(19, 'Свидетельства специалиста', 'Свидетельство коммерческого пилота', 'Свидетельство коммерческого пилота'),
(19, 'Свидетельства специалиста', 'Свидетельство бортмеханика', 'Свидетельство бортмеханика'),
(20, 'Тип экипажа', 'Стандарт', 'Командир вертолета\nВторой пилот \nБортмеханик '),
(20, 'Тип экипажа', 'Стандарт + спасатель', 'Командир вертолета\nВторой пилот \nБортмеханик\nСпасатель'),
(20, 'Тип экипажа', 'Стандарт + проверяющий ', 'Командир вертолета\nПроверяющий \nВторой пилот \nБортмеханик'),
(20, 'Тип экипажа', 'Стандарт + проверяющий + спасатель', 'Командир вертолета\nПроверяющий \nВторой пилот \nБортмеханик\nСпасатель '),
(20, 'Тип экипажа', 'Стандарт + тренируемые', 'Командир вертолета\nТренируемые \nВторой пилот \nБортмеханик'),
(20, 'Тип экипажа', 'Стандарт + авиатехники', 'Командир вертолета\nВторой пилот \nБортмеханик \nАвиатехник и Техник АиРЭО'),
(20, 'Тип экипажа', 'Ввод вручную', 'Ввод вручную\n'),
(21, 'Метеоминимумы', 'ПВП (день) 150 х 2000 х 25м/с', 'ПВП (день) 150 х 2000 х 25м/с'),
(21, 'Метеоминимумы', 'ПВП (ночь) 450 х 4000 х 25м/с', 'ПВП (ночь) 450 х 4000 х 25м/с'),
(21, 'Метеоминимумы', 'ППП 80 x 1000 x 25 м/с', 'ППП 80 x 1000 x 25 м/с'),
(22, 'Статусы ВС', 'Исправно', 'Исправно'),
(22, 'Статусы ВС', 'Неисправно', 'Неисправно')
(23, 'Дополнительные позиции', 'Ответственный', 'Ответственный'),
(23, 'Дополнительные позиции', 'Дежурный КВС', 'Дежурный КВС'),
(23, 'Дополнительные позиции', 'Руководитель ПБ (СЭИК)', 'Руководитель ПБ (СЭИК)'),
(23, 'Дополнительные позиции', 'Руководитель ПБ (ЭНЛ)', 'Руководитель ПБ (ЭНЛ)'),
(23, 'Дополнительные позиции', 'Руководитель ЛС ИАС', 'Руководитель ЛС ИАС'),
(23, 'Дополнительные позиции', 'Диспетчер ПДС по ОП', 'Диспетчер ПДС по ОП'),
(23, 'Дополнительные позиции', 'Дежурный по компании', 'Дежурный по компании'),
(23, 'Дополнительные позиции', 'Техник АиРЭО', 'Техник АиРЭО'),
(23, 'Дополнительные позиции', 'Авиатехник', 'Авиатехник'),
(23, 'Дополнительные позиции', 'Спасатель', 'Спасатель'),
(24, 'Типы проверок', 'Перевозка ОГ', 'Перевозка опасных грузов'),
(24, 'Типы проверок', 'АБ', 'Авиационная безопасность'),
(24, 'Типы проверок', 'HUET', 'Подготовка по покиданию вертолета под водой'),
(25, 'Типы курсов', 'Ми-8', 'Ми-8'),
(25, 'Типы курсов', 'Ми-8МТВ', 'Ми-8МТВ'),
(25, 'Типы курсов', 'Опрос', 'Опрос'),
(27, 'Состояния сотрудника', 'ОТ', 'Ежегодный основной оплачиваемый отпуск'),
(27, 'Состояния сотрудника', 'В', 'Выходные дни (еженедельный отпуск) и нерабочие праздничные дни'),
(27, 'Состояния сотрудника', 'К', 'Служебная командировка'),
(27, 'Состояния сотрудника', 'Я', 'Продолжительность работы в дневное время'),
(27, 'Состояния сотрудника', 'Н', 'Продолжительность работы в ночное время'),
(27, 'Состояния сотрудника', 'РВ', 'Продолжительность работы в выходные и нерабочие, праздничные дни'),
(27, 'Состояния сотрудника', 'С', 'Продолжительность сверхурочной работы'),
(27, 'Состояния сотрудника', 'ВМ', 'Продолжительность работы вахтовым методом'),
(27, 'Состояния сотрудника', 'ПК', 'Повышение квалификации с отрывом от работы'),
(27, 'Состояния сотрудника', 'ПМ', 'Повышение квалификации с отрывом от работы в другой местности'),
(27, 'Состояния сотрудника', 'Ксэ', 'Служебная командировка с целью выполнения работы на ключевом проекте «СЭИК/ЭНЛ»'),
(27, 'Состояния сотрудника' , 'У', 'Дополнительный отпуск в связи с обучением с сохранением среднего заработка работникам, совмещающим работу с обучением'),
(27, 'Состояния сотрудника', 'УВ', 'Сокращенная продолжительность рабочего времени для обучающихся без отрыва от производства с частичным сохранением заработной платы'),
(27, 'Состояния сотрудника', 'ЛЧ', 'Сокращенная продолжительность рабочего времени против нормальной продолжительности рабочего дня в случаях, предусмотренных законодательством'),
(27, 'Состояния сотрудника', 'НС', 'Продолжительность работы в режиме неполного рабочего времени по инициативе работодателя в случаях, предусмотренных законодательством'),
(27, 'Состояния сотрудника', 'НЗ', 'Время приостановки работы в случае задержки выплаты заработной платы'),
(27, 'Состояния сотрудника', 'ОД', 'Ежегодный дополнительный оплачиваемый отпуск'),
(27, 'Состояния сотрудника', 'УД', 'Дополнительный отпуск, в связи с обучением без сохранения заработной платы'),
(27, 'Состояния сотрудника', 'Р', 'Отпуск по беременности и родам (отпуск в вязи с усыновлением новорожденного ребенка)'),
(27, 'Состояния сотрудника', 'ОЖ', 'Отпуск по уходу за ребенком до достижения им возраста трех лет'),
(27, 'Состояния сотрудника', 'ДО', 'Отпуск без сохранения заработной платы, предоставленный работнику по разрешению работодателя'),
(27, 'Состояния сотрудника', 'ОЗ', 'Отпуск без сохранения заработной платы в случаях, предусмотренных законодательством'),
(27, 'Состояния сотрудника', 'ДБ', 'Ежегодный дополнительный отпуск без сохранения заработной платы'),
(27, 'Состояния сотрудника', 'Б', 'Временная нетрудоспособность (кроме случаев, предусмотренных кодом «Т») с назначением пособия согласно законодательству'),
(27, 'Состояния сотрудника', 'Т', 'Временная нетрудоспособность без назначения пособия в случаях, предусмотренных законодательством'),
(27, 'Состояния сотрудника', 'ПВ', 'Время вынужденного прогула в случае признания  увольнения, перевода на другую работу или отстранения от работы незаконными с восстановлением на прежней работе'),
(27, 'Состояния сотрудника', 'Г', 'Невыходы на время исполнения государственных или общественных обязанностей согласно законодательству'),
(27, 'Состояния сотрудника', 'ПР', 'Прогулы (отсутствие на рабочем месте без уважительной причины в течение времени, установленного законодательством)'),
(27, 'Состояния сотрудника', 'ОВ', 'Дополнительные выходные дни (оплачиваемые)'),
(27, 'Состояния сотрудника', 'НВ', 'Дополнительные выходные дни (без сохранения заработной платы)'),
(27, 'Состояния сотрудника', 'ЗБ', 'Забастовка (при условиях и в порядке, предусмотренных законом)'),
(27, 'Состояния сотрудника', 'НН', 'Неявки по невыясненным причинам (до выяснения обстоятельств)'),
(27, 'Состояния сотрудника', 'РП', 'Время простоя по вине работодателя'),
(27, 'Состояния сотрудника', 'НП', 'Время простоя по причинам, не зависящим от работодателя и работника'),
(27, 'Состояния сотрудника', 'ВП', 'Время простоя по вине работника'),
(27, 'Состояния сотрудника', 'НО', 'Отстранение от работы (недопущение к  работе) с оплатой (пособием) в соответствии с законодательством'),
(27, 'Состояния сотрудника', 'НБ', 'Отстранение от работы (недопущение к работе) по причинам, предусмотренным законодательством, без начисления заработной платы'),
(27, 'Состояния сотрудника', 'МО', 'Время прохождения обязательного медицинского осмотра (освидетельствования) с сохранением средней заработной платы, но не включенное в рабочее время'),
(27, 'Состояния сотрудника', 'КМО', 'Служебная командировка с целью прохождения обязательного медицинского осмотра (освидетельствования) с сохранением средней заработной платы, но время нахождения в которой не включено в рабочее время'),
(28, 'Типы наработки', 'Фактическая наработка', 'Фактическая наработка'),
(28, 'Типы наработки', 'Фактический налет', 'Фактический налет'),
(28, 'Типы наработки', 'Налет ночью', 'Налет ночью'),
(28, 'Типы наработки', 'Наработка ночью', 'Наработка ночью');

CREATE TABLE IF NOT EXISTS `airports` (
    `id` int NOT NULL AUTO_INCREMENT,
    `Name` varchar(25) COLLATE utf8_unicode_ci NOT NULL,
    `NameEn` varchar(25) COLLATE utf8_unicode_ci,
    `CountryId` int,
    `City` varchar(20) COLLATE utf8_unicode_ci NOT NULL,
    `CityEn` varchar(20) COLLATE utf8_unicode_ci,
    `KOD` varchar(5),
    `IKAO` varchar(5) NOT NULL,
    `IATA` varchar(5),
    `ISN_AERODR` int,
    `Fixed` char,
    `ZCode` int,
    `Hidden` char,
    PRIMARY KEY (`id`),
    KEY `CountryId` (`CountryId`),
    INDEX `Name` (`Name` ASC)
)  ENGINE=InnoDB DEFAULT CHARSET=utf8 COLLATE=utf8_unicode_ci;
    
INSERT INTO `airports` (`id`, `Name`, `NameEn`, `CountryId`, `City`, `CityEn`, `KOD`, `IKAO`, `IATA`, `ISN_AERODR`, `Fixed`, `ZCode`, `Hidden`) VALUES
(1, 'Ноглики', 'Nogliki', 134, 'Ноглики', NULL, NULL, 'UHSN', NULL, NULL, NULL, NULL, NULL),
(2, 'Южно-Сахалинск', 'Homutovo', 134, 'Южно-Сахалинск', NULL, NULL, 'UHSS', NULL, NULL, NULL, NULL, NULL),
(3, 'Оха', 'Okha', 134, 'Оха', NULL, NULL, 'UHSH', NULL, NULL, NULL, NULL, NULL);

CREATE TABLE IF NOT EXISTS `countries` (
    `id` int NOT NULL AUTO_INCREMENT,
    `Name` varchar(30) COLLATE utf8_unicode_ci NOT NULL,
    `NameEn` varchar(30) COLLATE utf8_unicode_ci NOT NULL,
    `Prefix` varchar(2) NOT NULL,
    `RegionsId` int,
    `CRT` varchar(4) NOT NULL,
    `IATA` varchar(4) NOT NULL,
    `Fixed` char,
    `ZCode` int,
    `Hidden` char,
    PRIMARY KEY (`id`),
    INDEX `ZCode` (`ZCode` ASC)
)  ENGINE=InnoDB DEFAULT CHARSET=utf8 COLLATE=utf8_unicode_ci;

CREATE TABLE IF NOT EXISTS `company` (
    `id` int NOT NULL AUTO_INCREMENT COMMENT 'Код организации',
    `Branch` int,
    `Subdiv` int,
    `Name` varchar(50) COLLATE utf8_unicode_ci NOT NULL COMMENT 'Наименование организации',
    `NameEn` varchar(50) COLLATE utf8_unicode_ci NOT NULL,
    `FullName` varchar(150) COLLATE utf8_unicode_ci NOT NULL,
    `CountryId` int,
    `INN` varchar(10) COLLATE utf8_unicode_ci,
    `Address` varchar(250) COLLATE utf8_unicode_ci,
    `Phone` varchar(50),
    `Fax` varchar(50),
    `EMail` varchar(50),
    `Fixed` char,
    `ZCode` int,
    `Hidden` char,
    `CategoryId` int,
    PRIMARY KEY (`id`),
    KEY `CategoryId` (`CategoryId`),
    INDEX `Branch` (`Branch` ASC),
    INDEX `Subdiv` (`Subdiv` ASC),
    INDEX `ZCode` (`ZCode` ASC)
)  ENGINE=InnoDB DEFAULT CHARSET=utf8 COLLATE=utf8_unicode_ci;

INSERT INTO `company` (`id`, `Branch`, `Subdiv`, `Name`, `NameEn`, `FullName`, `CountryId`, `INN`, `Address`, `Phone`, `Fax`, `EMail`, `Fixed`, `ZCode`, `Hidden`, `CategoryId`) VALUES
(1, NULL, NULL, 'АВИАШЕЛЬФ', 'Aviashelf', 'ЗАО СП "Авиационная компания "Авиашельф-Aviashelf"', 134, '', 'г.Южно-Сахалинск, проспект Мира 420', '8(4242) 73 89 09', '8(4242) 73 70 37', '', NULL, NULL, NULL, NULL),
(2, NULL, NULL, 'СЕИК', 'SEIK', 'САХАЛИН ЭНЕРДЖИ ИНВЕСТМЕНТ КОМПАНИ', NULL, '', '', '', '', '', NULL, NULL, NULL, NULL),
(3, NULL, NULL, 'ЭНЛ', 'EXXON NEFTEGAS LIMITED (ENL)', 'Эксон Нефтегаз Лимитед', NULL, '', '', '', '', '', NULL, NULL, NULL, NULL),
(4, NULL, NULL, 'РОСНЕФТЬ', '', 'РН-Сахалинморнефтегаз', 134, '6501163102', '693010, Россия, Сахалинская обл., г. Южно-Сахалинск, ул. Хабаровская, 17', '', '', '', NULL, NULL, NULL, NULL);


CREATE TABLE IF NOT EXISTS `polis` (
    `id` int NOT NULL AUTO_INCREMENT,
    `CompanyId` int,
    `Number` varchar(40) COLLATE utf8_unicode_ci NOT NULL,
    `Addendum` varchar(15) COLLATE utf8_unicode_ci NOT NULL,
    `StartDate` date,
    `EndDate` datet,
    `Ammount` varchar(250) COLLATE utf8_unicode_ci NOT NULL,
    `twsId` int,
    `ZCode` int,
    `Comment` text(8000),
    `Hidden` char,
    PRIMARY KEY (`id`),
    INDEX `ZCode` (`ZCode` ASC)
) ENGINE=InnoDB DEFAULT CHARSET=utf8 COLLATE=utf8_unicode_ci;

CREATE TABLE IF NOT EXISTS `wsCategories` (
    `id` int NOT NULL AUTO_INCREMENT,
    `Name` varchar(20) COLLATE utf8_unicode_ci,
    `Fixed` char,
    `Hidden` char,
    PRIMARY KEY (`id`),
    INDEX `id` (`id` ASC)
) ENGINE=InnoDB DEFAULT CHARSET=utf8 COLLATE=utf8_unicode_ci;

INSERT INTO `wsCategories` (`id`, `Name`, `Fixed`, `Hidden`) VALUES (0, 'Самолет', 1, 0);
INSERT INTO `wsCategories` (`id`, `Name`, `Fixed`, `Hidden`) VALUES (1, 'Вертолет', 1, 0);

CREATE TABLE IF NOT EXISTS `wsTypes` (
    `id` int NOT NULL AUTO_INCREMENT,
    `twsId` int,
    `Name` varchar(15) COLLATE utf8_unicode_ci,
    `NameEn` varchar(15),
    `TypeId` int,
    `Class` int,
    `IATA` varchar(3) NOT NULL,
    `IKAO` varchar(4) NOT NULL,
    `Fixed` char,
    `ZCode` int,
    `ZMCode` int,
    `Hidden` char,
    PRIMARY KEY (`id`),
    INDEX `ID2` (`id` ASC),
    INDEX `twsId` (`twsId` ASC),
    INDEX `ZCode` (`ZCode` ASC),
    INDEX `ZCode1` (`ZMCode` ASC)
)  ENGINE=InnoDB DEFAULT CHARSET=utf8 COLLATE=utf8_unicode_ci;


CREATE TABLE IF NOT EXISTS `planers` (
    `id` int NOT NULL AUTO_INCREMENT,
    `twsId` int,
    `State` varchar(4) COLLATE utf8_unicode_ci NOT NULL,
    `CountryId` int,
    `Number` varchar(5) COLLATE utf8_unicode_ci NOT NULL,
    `NBort` varchar(10) COLLATE utf8_unicode_ci NOT NULL,
    `Mass` int,
    `Center` float,
    `LotsNumber` int,
    `OwnerId` int,
    `Fixed` char,
    `ZCode` int,
    `LinkId` int,
    `Hidden` char,
    PRIMARY KEY (`id`),
    INDEX `LinkId` (`LinkId` ASC),
    INDEX `twsId` (`twsId` ASC),
    INDEX `ZCode` (`ZCode` ASC)
)  ENGINE=InnoDB  DEFAULT CHARSET=utf8 COLLATE=utf8_unicode_ci;

INSERT INTO `planers` (`id`, `twsId`, `State`, `CountryId`, `Number`, `NBort`, `Mass`, `Center`, `LotsNumber`, `OwnerId`, `Fixed`, `ZCode`, `LinkId`, `Hidden`) VALUES (8, 97, 'RA', 134, '25738', 'RA-25738', 7407, 4.36, 18, 86, 0, 6087, null, 0);
INSERT INTO `planers` (`id`, `twsId`, `State`, `CountryId`, `Number`, `NBort`, `Mass`, `Center`, `LotsNumber`, `OwnerId`, `Fixed`, `ZCode`, `LinkId`, `Hidden`) VALUES (9, 97, 'RA', 134, '25739', 'RA-25739', 7451, -19.9, 18, 86, 0, 34044, null, 0);
INSERT INTO `planers` (`id`, `twsId`, `State`, `CountryId`, `Number`, `NBort`, `Mass`, `Center`, `LotsNumber`, `OwnerId`, `Fixed`, `ZCode`, `LinkId`, `Hidden`) VALUES (10, 97, 'RA', 134, '25185', 'RA-25185', 7305, 21.7, 18, 139, 0, 9908, null, 0);
INSERT INTO `planers` (`id`, `twsId`, `State`, `CountryId`, `Number`, `NBort`, `Mass`, `Center`, `LotsNumber`, `OwnerId`, `Fixed`, `ZCode`, `LinkId`, `Hidden`) VALUES (11, 105, 'RA', 134, '24683', 'RA-24683', 7184, 122.5, 22, 139, 0, 44325, null, 0);
INSERT INTO `planers` (`id`, `twsId`, `State`, `CountryId`, `Number`, `NBort`, `Mass`, `Center`, `LotsNumber`, `OwnerId`, `Fixed`, `ZCode`, `LinkId`, `Hidden`) VALUES (12, 105, 'RA', 134, '24208', 'RA-24208', 7440, 17.8, 22, 139, 0, 23116, null, 0);
INSERT INTO `planers` (`id`, `twsId`, `State`, `CountryId`, `Number`, `NBort`, `Mass`, `Center`, `LotsNumber`, `OwnerId`, `Fixed`, `ZCode`, `LinkId`, `Hidden`) VALUES (13, 97, 'RA', 134, '25488', 'RA-25488', 7237, 61, 18, 139, 0, 76096, null, 0);
INSERT INTO `planers` (`id`, `twsId`, `State`, `CountryId`, `Number`, `NBort`, `Mass`, `Center`, `LotsNumber`, `OwnerId`, `Fixed`, `ZCode`, `LinkId`, `Hidden`) VALUES (14, 97, 'RA', 134, '25420', 'RA-25420', 7440, 17.8, 18, 139, 0, 15045, null, 0);
INSERT INTO `planers` (`id`, `twsId`, `State`, `CountryId`, `Number`, `NBort`, `Mass`, `Center`, `LotsNumber`, `OwnerId`, `Fixed`, `ZCode`, `LinkId`, `Hidden`) VALUES (15, 97, 'RA', 134, '22984', 'RA-22984', null, null, 20, null, 0, null, null, 0);
INSERT INTO `planers` (`id`, `twsId`, `State`, `CountryId`, `Number`, `NBort`, `Mass`, `Center`, `LotsNumber`, `OwnerId`, `Fixed`, `ZCode`, `LinkId`, `Hidden`) VALUES (16, 97, 'RA', 134, '22985', 'RA-22985', null, null, 20, 75, 0, null, null, 0);
INSERT INTO `planers` (`id`, `twsId`, `State`, `CountryId`, `Number`, `NBort`, `Mass`, `Center`, `LotsNumber`, `OwnerId`, `Fixed`, `ZCode`, `LinkId`, `Hidden`) VALUES (17, 97, 'RA', 134, '25561', 'RA-25561', null, null, 20, 139, 0, null, null, 0);

CREATE TABLE IF NOT EXISTS `documents` (
    `id` int(10) unsigned NOT NULL AUTO_INCREMENT,
    `typeId` int NOT NULL,
    `typeName` varchar(100) COLLATE utf8_unicode_ci,
    `ownerId` int NOT NULL,
    `ownerName` varchar(300) COLLATE utf8_unicode_ci,
    `number` varchar(100) COLLATE utf8_unicode_ci NOT NULL,
    `startDate` date,
    `endDate` date,
    `companyId` int NOT NULL,
    `gradeVisible` BOOL DEFAULT '1',
    `gradeId` int DEFAULT '0',
    `gradeName` varchar(20) COLLATE utf8_unicode_ci,
    `value` varchar(300) COLLATE utf8_unicode_ci,
    `comment` varchar(1000) COLLATE utf8_unicode_ci,
    `picture_id` int(11) DEFAULT NULL,
    `isCheck` tinyint(3) unsigned DEFAULT '0',
    `Hidden` char DEFAULT '0',
    PRIMARY KEY (`id`),
    KEY `typeId` (`typeId`),
    KEY `picture_id` (`picture_id`)
)  ENGINE=InnoDB DEFAULT CHARSET=utf8 COLLATE=utf8_unicode_ci;

CREATE TABLE IF NOT EXISTS `flightFiles` (
    `id` int(10) unsigned NOT NULL AUTO_INCREMENT,
    `flightId` int NOT NULL,
    `file_id` int(11) DEFAULT NULL,
  `title` varchar(100) COLLATE utf8_unicode_ci NOT NULL,
  `comment` varchar(1000) COLLATE utf8_unicode_ci,
    PRIMARY KEY (`id`),
    KEY `flightId` (`flightId`),
    KEY `file_id` (`file_id`)
)  ENGINE=InnoDB DEFAULT CHARSET=utf8 COLLATE=utf8_unicode_ci;

CREATE TABLE IF NOT EXISTS `flightResults` (
    `id` int(10) unsigned NOT NULL AUTO_INCREMENT,
    `flightId` int DEFAULT '0',
    `typeId` int NOT NULL,
    `typeName` varchar(100) COLLATE utf8_unicode_ci,
    `planeId` int DEFAULT '0',
    `planeName` varchar(20) COLLATE utf8_unicode_ci,
    `ownerId` int NOT NULL,
    `ownerName` varchar(300) COLLATE utf8_unicode_ci,
    `flightsCount` int NOT NULL DEFAULT 0,
    `flightDate` date,
    `flightTime` time,
    `showInTotal` BOOL DEFAULT '1',
    `comment` varchar(1000) COLLATE utf8_unicode_ci,
    `Hidden` char DEFAULT '0',
    PRIMARY KEY (`id`),
    KEY `typeId` (`typeId`),
    INDEX `id` (`id` ASC)
)  ENGINE=InnoDB DEFAULT CHARSET=utf8 COLLATE=utf8_unicode_ci;

CREATE TABLE IF NOT EXISTS `flightTasks` (
    `id` int(10) unsigned NOT NULL AUTO_INCREMENT,
    `planId` int NOT NULL,
    `number` varchar(30) COLLATE utf8_unicode_ci NOT NULL,
    `requestNumber` varchar(30) COLLATE utf8_unicode_ci NOT NULL,
    `subCompanyId` int NOT NULL,
    `subCompanyName` varchar(100) COLLATE utf8_unicode_ci,
    `flightStartDate` date NOT NULL,
    `flightStartTime` time,
    `groupId` int NOT NULL,
    `planeId` int NOT NULL,
    `planeName` varchar(50) COLLATE utf8_unicode_ci NOT NULL,
    `objectiveId` int NOT NULL,
    `objectiveName` varchar(100) COLLATE utf8_unicode_ci NOT NULL,
    `status` tinyint(3) unsigned NOT NULL DEFAULT '0',
    `routeId` int NOT NULL,
    `routeName` varchar(200) COLLATE utf8_unicode_ci NOT NULL,
    `comments` varchar(1000) COLLATE utf8_unicode_ci,
    `firstPilotName` varchar(300) COLLATE utf8_unicode_ci NOT NULL,
    `secondPilotName` varchar(300) COLLATE utf8_unicode_ci NOT NULL,
    `technicName` varchar(300) COLLATE utf8_unicode_ci NOT NULL,
    `checkPilotName` varchar(300) COLLATE utf8_unicode_ci NOT NULL,
    `resquerName` varchar(300) COLLATE utf8_unicode_ci NOT NULL,
    `isPrinted` BOOL DEFAULT '0',
    PRIMARY KEY (`id`),
    INDEX `id` (`id` ASC)
)  ENGINE=InnoDB DEFAULT CHARSET=utf8 COLLATE=utf8_unicode_ci;

CREATE TABLE IF NOT EXISTS `flightTracks` (
    `id` int(10) unsigned NOT NULL AUTO_INCREMENT,
    `planId` int,
    `airportId` int NOT NULL,
    `airportName` varchar(300) COLLATE utf8_unicode_ci NOT NULL,
    `comments` varchar(1000) COLLATE utf8_unicode_ci,
    `employee1Id` int,
    `employee1Name` varchar(300) COLLATE utf8_unicode_ci,
    `employee2Id` int,
    `employee2Name` varchar(300) COLLATE utf8_unicode_ci,
    `employee3Id` int,
    `employee3Name` varchar(300) COLLATE utf8_unicode_ci,
    `employee4Id` int,
    `employee4Name` varchar(300) COLLATE utf8_unicode_ci,
    `employee5Id` int,
    `employee5Name` varchar(300) COLLATE utf8_unicode_ci,
    `employee6Id` int,
    `employee6Name` varchar(300) COLLATE utf8_unicode_ci,
    `employee7Id` int,
    `employee7Name` varchar(300) COLLATE utf8_unicode_ci,
    PRIMARY KEY (`id`),
    INDEX `id` (`id` ASC)
)  ENGINE=InnoDB DEFAULT CHARSET=utf8 COLLATE=utf8_unicode_ci;

CREATE TABLE IF NOT EXISTS `flightGroups` (
    `id` int(10) unsigned NOT NULL AUTO_INCREMENT,
    `flightId` int DEFAULT '0',
    `employeeId` int NOT NULL,
    `employeeName` varchar(300) COLLATE utf8_unicode_ci NOT NULL,
    `positionId` int NOT NULL,
    `positionName` varchar(20) COLLATE utf8_unicode_ci NOT NULL,
    `mainCrew` BOOL DEFAULT '0',
    `comment` varchar(1000) COLLATE utf8_unicode_ci,
    `Hidden` char DEFAULT '0',
    PRIMARY KEY (`id`),
    KEY `flightId` (`flightId`),
    INDEX `id` (`id` ASC)
)  ENGINE=InnoDB DEFAULT CHARSET=utf8 COLLATE=utf8_unicode_ci;

CREATE TABLE IF NOT EXISTS `flightResultDefaults` (
    `id` int(10) unsigned NOT NULL AUTO_INCREMENT,
    `positionId` int NOT NULL,
    `positionName` varchar(20) COLLATE utf8_unicode_ci NOT NULL,
    `resultId` int NOT NULL,
    `resultName` varchar(300) COLLATE utf8_unicode_ci NOT NULL,
    `typeName` varchar(30) COLLATE utf8_unicode_ci NOT NULL default 'position',
    `inTotal` BOOL DEFAULT '0',
    PRIMARY KEY (`id`),
    INDEX `id` (`id` ASC)
)  ENGINE=InnoDB DEFAULT CHARSET=utf8 COLLATE=utf8_unicode_ci;

CREATE TABLE IF NOT EXISTS `flightLandpoints` (
    `id` int(10) unsigned NOT NULL AUTO_INCREMENT,
    `pos` tinyint(3) unsigned NOT NULL,
    `landpointId` int(8) unsigned DEFAULT NULL,
    `flightId` int(8) unsigned NOT NULL,
    `listPosition` VARCHAR (10) DEFAULT '0',
    PRIMARY KEY (`id`),
    KEY `landpointId` (`landpointId`),
    KEY `flightId` (`flightId`)
) ENGINE=InnoDB  DEFAULT CHARSET=utf8 COLLATE=utf8_unicode_ci;

CREATE TABLE IF NOT EXISTS `flightObjectives` (
    `id` int(10) unsigned NOT NULL AUTO_INCREMENT,
    `pos` tinyint(3) unsigned NOT NULL,
    `objectiveId` int(8) unsigned DEFAULT NULL,
    `flightId` int(8) unsigned NOT NULL,
    PRIMARY KEY (`id`),
    KEY `objectiveId` (`objectiveId`),
    KEY `flightId` (`flightId`)
) ENGINE=InnoDB  DEFAULT CHARSET=utf8 COLLATE=utf8_unicode_ci;

CREATE TABLE IF NOT EXISTS `flightAccesses` (
    `id` int(10) unsigned NOT NULL AUTO_INCREMENT,
    `docId` int NOT NULL,
    `docName` varchar(300) COLLATE utf8_unicode_ci NOT NULL,
    `employeeId` int NOT NULL,
    `employeeName` varchar(300) COLLATE utf8_unicode_ci NOT NULL,
    `accessId` int NOT NULL,
    `accessName` varchar(300) COLLATE utf8_unicode_ci NOT NULL,
    `wsTypeId` int NOT NULL,
    `wsTypeName` varchar(50) COLLATE utf8_unicode_ci NOT NULL,
    `accessTypeId` int NOT NULL,
    `accessTypeName` varchar(300) COLLATE utf8_unicode_ci NOT NULL,
    `accessDate` date,
    `accessEndDate` date,
    `finished` tinyint(3) unsigned DEFAULT '0',
    `docNumber` varchar(300) COLLATE utf8_unicode_ci,
    `comment` varchar(1000) COLLATE utf8_unicode_ci,
    PRIMARY KEY (`id`),
    KEY `docId` (`docId`),
    INDEX `id` (`id` ASC)
)  ENGINE=InnoDB DEFAULT CHARSET=utf8 COLLATE=utf8_unicode_ci;

CREATE TABLE IF NOT EXISTS `flightCheckTypes` (
    `id` int(10) unsigned NOT NULL AUTO_INCREMENT,
    `title` varchar(300) COLLATE utf8_unicode_ci NOT NULL,
    `times` int NOT NULL DEFAULT 1,
    `months` int NOT NULL DEFAULT 1,
    `description` varchar(1000) COLLATE utf8_unicode_ci,
    PRIMARY KEY (`id`),
    INDEX `id` (`id` ASC)
)  ENGINE=InnoDB DEFAULT CHARSET=utf8 COLLATE=utf8_unicode_ci;

CREATE TABLE IF NOT EXISTS `flightSets` (
    `id` int(10) unsigned NOT NULL AUTO_INCREMENT,
    `flightId` int NOT NULL,
    `employeeId` int NOT NULL,
    `employeeName` varchar(300) COLLATE utf8_unicode_ci NOT NULL,
    `setId` int NOT NULL,
    `setName` varchar(300) COLLATE utf8_unicode_ci NOT NULL,
    `wsTypeId` int NOT NULL,
    `wsTypeName` varchar(50) COLLATE utf8_unicode_ci NOT NULL,
    `setTypeId` int NOT NULL,
    `setTypeName` varchar(300) COLLATE utf8_unicode_ci NOT NULL,
    `setMeteoTypeId` int NOT NULL,
    `setMeteoTypeName` varchar(300) COLLATE utf8_unicode_ci NOT NULL,
    `setStartDate` date,
    `setEndDate` date,
    `flightsCount` int NOT NULL DEFAULT 0,
    `setsCount` int NOT NULL DEFAULT 0,
    `comment` varchar(1000) COLLATE utf8_unicode_ci,
    `finished` tinyint(3) unsigned DEFAULT '0',
    PRIMARY KEY (`id`),
    INDEX `id` (`id` ASC)
)  ENGINE=InnoDB DEFAULT CHARSET=utf8 COLLATE=utf8_unicode_ci;

CREATE TABLE IF NOT EXISTS `calendar` (
    `id` int(10) unsigned NOT NULL AUTO_INCREMENT,
    `employeeId` int DEFAULT NULL,
    `employeeName` varchar(300) COLLATE utf8_unicode_ci,
    `startDate` date NOT NULL,
    `endDate` date NOT NULL,
    `statusId` int NOT NULL,
    `statusName` varchar(300) COLLATE utf8_unicode_ci,    
    `description` varchar(1000) COLLATE utf8_unicode_ci,
    PRIMARY KEY (`id`),
    INDEX `id` (`id` ASC)
)  ENGINE=InnoDB DEFAULT CHARSET=utf8 COLLATE=utf8_unicode_ci;

CREATE TABLE IF NOT EXISTS `checks` (
    `id` int(10) unsigned NOT NULL AUTO_INCREMENT,
    `checkType` enum('doc','flight','training') NOT NULL DEFAULT 'doc',
    `title` varchar(300) COLLATE utf8_unicode_ci NOT NULL,
    `typeId` int NOT NULL,
    `typeName` varchar(30) COLLATE utf8_unicode_ci NOT NULL,
    `subTypeId` int DEFAULT '0',
    `subtypeName` varchar(30) COLLATE utf8_unicode_ci,
    `field` varchar(30) COLLATE utf8_unicode_ci NOT NULL,
    `value` varchar(300) COLLATE utf8_unicode_ci,
    `daysInPeriod` int DEFAULT '1',
    `description` varchar(1000) COLLATE utf8_unicode_ci,
    PRIMARY KEY (`id`),
    INDEX `id` (`id` ASC),
    KEY `typeId` (`typeId`)
)  ENGINE=InnoDB DEFAULT CHARSET=utf8 COLLATE=utf8_unicode_ci;

CREATE TABLE IF NOT EXISTS `checkResults` (
    `id` int(10) unsigned NOT NULL AUTO_INCREMENT,
    `checkDate` date NOT NULL,
    `checkTS` TIMESTAMP DEFAULT CURRENT_TIMESTAMP,
    `checkType` enum('doc','flight','training') NOT NULL,
    `employeeId` int NOT NULL,
    `employeeName` varchar(300) COLLATE utf8_unicode_ci NOT NULL,
    `title` varchar(300) COLLATE utf8_unicode_ci NOT NULL,
    `typeId` int NOT NULL,
    `typeName` varchar(30) COLLATE utf8_unicode_ci NOT NULL,
    `description` varchar(1000) COLLATE utf8_unicode_ci,
    PRIMARY KEY (`id`),
    INDEX `id` (`id` ASC),
    KEY `typeId` (`typeId`)
)  ENGINE=InnoDB DEFAULT CHARSET=utf8 COLLATE=utf8_unicode_ci;

CREATE TABLE IF NOT EXISTS `trainings` (
    `id` int(10) unsigned NOT NULL AUTO_INCREMENT,
    `number` varchar(100) COLLATE utf8_unicode_ci NOT NULL,
    `title` varchar(300) COLLATE utf8_unicode_ci NOT NULL,
    `description` varchar(1000) COLLATE utf8_unicode_ci NOT NULL,
    `typeId` int NOT NULL DEFAULT 0,
    `type` varchar(50) COLLATE utf8_unicode_ci NOT NULL DEFAULT '',
    `docTypeId` int NOT NULL,
    `docTypeName` varchar(300) COLLATE utf8_unicode_ci NOT NULL,
    `body` varchar(65000) COLLATE utf8_unicode_ci,
    `Hidden` char DEFAULT '0',
    PRIMARY KEY (`id`),
    INDEX `id` (`id` ASC)
)  ENGINE=InnoDB DEFAULT CHARSET=utf8 COLLATE=utf8_unicode_ci;

CREATE TABLE IF NOT EXISTS `trainingGroups` (
    `id` int(10) unsigned NOT NULL AUTO_INCREMENT,
    `trainingId` int NOT NULL,
    `number` varchar(100) COLLATE utf8_unicode_ci NOT NULL,
    `title` varchar(300) COLLATE utf8_unicode_ci NOT NULL,
    `startDate` date NOT NULL,
    `endDate` date NOT NULL,
    `questions` int NOT NULL DEFAULT 10,
    `comment` varchar(1000) COLLATE utf8_unicode_ci,
    `isDifGrade` tinyint(3) unsigned DEFAULT '0',
    `Hidden` char DEFAULT '0',
    `isTrial` BOOL DEFAULT '0' NOT NULL,
    PRIMARY KEY (`id`),
    INDEX `id` (`id` ASC),
    KEY `trainingId` (`trainingId`)
)  ENGINE=InnoDB DEFAULT CHARSET=utf8 COLLATE=utf8_unicode_ci;

CREATE TABLE IF NOT EXISTS `groupTopics` (
    `id` int(10) unsigned NOT NULL AUTO_INCREMENT,
    `pos` tinyint(3) unsigned NOT NULL,
    `groupId` int(8) unsigned DEFAULT NULL,
    `topicId` int(8) unsigned NOT NULL,
    `isDifGrade` BOOL DEFAULT '0' NOT NULL,
    `questions` int NOT NULL DEFAULT 0,
    `title` varchar(300) COLLATE utf8_unicode_ci NOT NULL DEFAULT '',
    PRIMARY KEY (`id`),
    KEY `groupId` (`groupId`),
    KEY `flightId` (`topicId`)
) ENGINE=InnoDB  DEFAULT CHARSET=utf8 COLLATE=utf8_unicode_ci;

CREATE TABLE IF NOT EXISTS `groupPersons` (
    `id` int(10) unsigned NOT NULL AUTO_INCREMENT,
    `trainingGroupId` int NOT NULL,
    `trainingGroupName` varchar(300) COLLATE utf8_unicode_ci NOT NULL,
    `employeeId` int NOT NULL,
    `employeeName` varchar(300) COLLATE utf8_unicode_ci NOT NULL,
    `taskId` int unsigned NOT NULL DEFAULT 0,
    `comment` varchar(1000) COLLATE utf8_unicode_ci,
    PRIMARY KEY (`id`),
    INDEX `id` (`id` ASC),
    KEY `trainingGroupId` (`trainingGroupId`)
)  ENGINE=InnoDB DEFAULT CHARSET=utf8 COLLATE=utf8_unicode_ci;

CREATE TABLE IF NOT EXISTS `personResults` (
    `id` int(10) unsigned NOT NULL AUTO_INCREMENT,
    `groupPersonId` int NOT NULL,
    `trainingId` int NOT NULL,
    `trainingName` varchar(300) COLLATE utf8_unicode_ci NOT NULL,
    `trainingGroupId` int NOT NULL,
    `trainingGroupName` varchar(300) COLLATE utf8_unicode_ci NOT NULL,
    `employeeId` int NOT NULL,
    `employeeName` varchar(300) COLLATE utf8_unicode_ci NOT NULL,
    `totalScore` int DEFAULT '0',
    `currentScore` int DEFAULT '0',
    `startDate` date NOT NULL,
    `endDate` date NOT NULL,
    `recordDate` date,
    `isTrial` BOOL DEFAULT '0' NOT NULL,
    `gradeId` int DEFAULT '0',
    `gradeName` varchar(20) COLLATE utf8_unicode_ci,
    `comment` varchar(1000) COLLATE utf8_unicode_ci,
    PRIMARY KEY (`id`),
    INDEX `id` (`id` ASC),
    KEY `groupPersonId` (`groupPersonId`),
    KEY `trainingId` (`trainingId`),
    KEY `trainingGroupId` (`trainingGroupId`),
    KEY `gradeId` (`gradeId`)
)  ENGINE=InnoDB DEFAULT CHARSET=utf8 COLLATE=utf8_unicode_ci;

CREATE TABLE IF NOT EXISTS `trainingQuestions` (
    `id` int(10) unsigned NOT NULL AUTO_INCREMENT,
    `trainingId` int NOT NULL,
    `trainingName` varchar(300) COLLATE utf8_unicode_ci NOT NULL,
    `question` varchar(3000) COLLATE utf8_unicode_ci NOT NULL,
    `picture_id` int(11) DEFAULT NULL,
    `picture_name` varchar(100) COLLATE utf8_unicode_ci NOT NULL,
    `Hidden` char DEFAULT '0',
    PRIMARY KEY (`id`),
    INDEX `id` (`id` ASC),
    KEY `trainingId` (`trainingId`),
    KEY `picture_id` (`picture_id`)
)  ENGINE=InnoDB DEFAULT CHARSET=utf8 COLLATE=utf8_unicode_ci;

CREATE TABLE IF NOT EXISTS `trainingAnswers` (
    `id` int(10) unsigned NOT NULL AUTO_INCREMENT,
    `questionId` int NOT NULL,
    `answer` varchar(3000) COLLATE utf8_unicode_ci NOT NULL,
    `isCorrect` BOOL DEFAULT '0',
    `Hidden` char DEFAULT '0',
    PRIMARY KEY (`id`),
    INDEX `id` (`id` ASC),
    KEY `questionId` (`questionId`)
)  ENGINE=InnoDB DEFAULT CHARSET=utf8 COLLATE=utf8_unicode_ci;

CREATE TABLE IF NOT EXISTS `trainingContentQuestions` (
    `id` int unsigned NOT NULL AUTO_INCREMENT,
    `number` int NOT NULL,
    `resultId` int NOT NULL,
    `topicId` int NOT NULL,
    `question` varchar(3000) COLLATE utf8_unicode_ci NOT NULL,
    `picture_id` int(11) DEFAULT NULL,
    PRIMARY KEY (`id`),
    INDEX `id` (`id` ASC),
    KEY `picture_id` (`picture_id`)
)  ENGINE=InnoDB DEFAULT CHARSET=utf8 COLLATE=utf8_unicode_ci;

CREATE TABLE IF NOT EXISTS `trainingContentAnswers` (
    `id` int unsigned NOT NULL AUTO_INCREMENT,
    `contentQuestionId` int NOT NULL,
    `answer` varchar(3000) COLLATE utf8_unicode_ci NOT NULL,
    `isCorrect` BOOL DEFAULT '0',
    `isSelected` BOOL DEFAULT '0',
    `Hidden` char DEFAULT '0',
    PRIMARY KEY (`id`),
    INDEX `id` (`id` ASC),
    KEY `questionId` (`contentQuestionId`)
)  ENGINE=InnoDB DEFAULT CHARSET=utf8 COLLATE=utf8_unicode_ci;


CREATE TABLE IF NOT EXISTS `flightPlans` (
    `id` int(10) unsigned NOT NULL AUTO_INCREMENT,
    `planDate` date NOT NULL,
    `employeeId` int,
    `employeeName` varchar(300) COLLATE utf8_unicode_ci,
    `comment` varchar(1000) COLLATE utf8_unicode_ci,
    PRIMARY KEY (`id`),
    INDEX `id` (`id` ASC),
    KEY `employeeId` (`employeeId`)
)  ENGINE=InnoDB DEFAULT CHARSET=utf8 COLLATE=utf8_unicode_ci;

CREATE TABLE IF NOT EXISTS `landPoints` (
    `id` int(10) unsigned NOT NULL AUTO_INCREMENT,
    `name` varchar(100) COLLATE utf8_unicode_ci NOT NULL,
    `description` varchar(100) COLLATE utf8_unicode_ci NOT NULL,
    `responsibleId` int,
    `responsibleName` varchar(300) COLLATE utf8_unicode_ci,
    `address` varchar(300) COLLATE utf8_unicode_ci,
    `phone` varchar(300) COLLATE utf8_unicode_ci,
    `latitude` float,
    `longitude` float,
    `comment` varchar(1000) COLLATE utf8_unicode_ci,
    PRIMARY KEY (`id`),
    INDEX `id` (`id` ASC)
)  ENGINE=InnoDB DEFAULT CHARSET=utf8 COLLATE=utf8_unicode_ci;

INSERT INTO `landPoints` (`name`, `description`) VALUES
    ('б/п 4', 'блок-пост №4'),
    ('б/п 5', 'блок-пост №5'),
    ('б/п 6', 'блок-пост №6'),
    ('б/п 7', 'блок-пост №7'),
    ('БРКТ', 'Беркут'),
    ('Гастелло', 'Гастелло'),
    ('город', 'город'),
    ('Де-Кастри', 'Де-Кастри'),
    ('ЗОНА', 'Зональное'),
    ('ЗП 5', 'Запорный клапан №5'),
    ('ЗП 6', 'Запорный клапан №6'),
    ('ЗП 7', 'Запорный клапан №7'),
    ('ЗП 8', 'Запорный клапан №8'),
    ('ЗП 9', 'Запорный клапан №9'),
    ('Лазар', 'Лазарево'),
    ('Лун А', 'Лунская А'),
    ('МЛП', 'Моликпак'),
    ('НГЛ', 'Ноглики'),
    ('ОБТК Л', 'ОБТК Лунское'),
    ('Одоп', 'Одопту'),
    ('Орлан', 'Орлан'),
    ('Оха', 'Оха'),
    ('ПГБ', 'Погиби'),
    ('Пил Б', 'Пильтунская Б'),
    ('Совет', 'Советское'),
    ('ЧОПФ', 'Чайво ОPF'),
    ('ЮЖХ', 'Южно-Сахалинск');

CREATE TABLE IF NOT EXISTS `planerStates` (
    `id` int(10) unsigned NOT NULL AUTO_INCREMENT,
    `planId` int NOT NULL,
    `planeId` int NOT NULL,
    `planeName` varchar(50) COLLATE utf8_unicode_ci NOT NULL,
    `typeId` int NOT NULL,
    `typeName` varchar(50) COLLATE utf8_unicode_ci NOT NULL,
    `landpointId` int NOT NULL,
    `landpointName` varchar(50) COLLATE utf8_unicode_ci NOT NULL,
    `priority` varchar(20) COLLATE utf8_unicode_ci,
    `statusId` int NOT NULL,
    `statusName` varchar(50) COLLATE utf8_unicode_ci NOT NULL,
    `statusDate` date,
    `reason` varchar(100) COLLATE utf8_unicode_ci NOT NULL,
    `expectedDate` date,
    `comment` varchar(1000) COLLATE utf8_unicode_ci,
    PRIMARY KEY (`id`),
    INDEX `id` (`id` ASC),
    KEY `planId` (`planId`)
)  ENGINE=InnoDB DEFAULT CHARSET=utf8 COLLATE=utf8_unicode_ci;

CREATE TABLE IF NOT EXISTS `employeeWorks` (
    `id` int(10) unsigned NOT NULL AUTO_INCREMENT,
    `workId` int NOT NULL,
    `employeeId` int NOT NULL,
    `employeeName` varchar(300) COLLATE utf8_unicode_ci,
    `workDate` date NOT NULL,
    `typeId` int NOT NULL,
    `typeName` varchar(100) COLLATE utf8_unicode_ci,
    `workTime1` time DEFAULT '00:00',
    `workTime2` time DEFAULT '00:00',
    `workTime3` time DEFAULT '00:00',
    `workTime4` time DEFAULT '00:00',
    `workTime5` time DEFAULT '00:00',
    `timeInMinutes` int DEFAULT 0,
    `timePerDay` time DEFAULT '00:00',
    `comment` varchar(1000) COLLATE utf8_unicode_ci,
    PRIMARY KEY (`id`),
    KEY `workId` (`workId`),
    KEY `typeId` (`typeId`),
    KEY `employeeId` (`employeeId`)
)  ENGINE=InnoDB DEFAULT CHARSET=utf8 COLLATE=utf8_unicode_ci;

CREATE TABLE IF NOT EXISTS `flightResultWork` (
    `id` int(10) unsigned NOT NULL AUTO_INCREMENT,
    `workId` varchar(100) COLLATE utf8_unicode_ci,
    `workName` varchar(100) COLLATE utf8_unicode_ci,
    `resultId` int NOT NULL,
    `resultName` varchar(100) COLLATE utf8_unicode_ci,
    PRIMARY KEY (`id`),
    KEY `workId` (`workId`),
    KEY `resultId` (`resultId`)
)  ENGINE=InnoDB DEFAULT CHARSET=utf8 COLLATE=utf8_unicode_ci;

CREATE TABLE IF NOT EXISTS `works` (
    `id` int(10) unsigned NOT NULL AUTO_INCREMENT,
    `month` int NOT NULL,
    `monthName` varchar(20) COLLATE utf8_unicode_ci,
    `year` int NOT NULL,
    `comment` varchar(1000) COLLATE utf8_unicode_ci,
    PRIMARY KEY (`id`)
)  ENGINE=InnoDB DEFAULT CHARSET=utf8 COLLATE=utf8_unicode_ci;

CREATE TABLE IF NOT EXISTS `employeeLogs` (
    `id` int(10) unsigned NOT NULL AUTO_INCREMENT,
    `userId` int NOT NULL,
    `loginDate` datetime NOT NULL,
    PRIMARY KEY (`id`),
    KEY `workId` (`userId`)
)  ENGINE=InnoDB DEFAULT CHARSET=utf8 COLLATE=utf8_unicode_ci;


CREATE TABLE IF NOT EXISTS `employeeWorkTypes` (
  `id` int(10) unsigned NOT NULL AUTO_INCREMENT,
  `value` varchar(255) COLLATE utf8_unicode_ci NOT NULL,
  `desc` varchar(1024) COLLATE utf8_unicode_ci NOT NULL,
  `pos` smallint unsigned NOT NULL DEFAULT 0,
  `needTime` tinyint(3) unsigned NOT NULL DEFAULT '0',
  PRIMARY KEY (`id`)
) ENGINE=InnoDB  DEFAULT CHARSET=utf8 COLLATE=utf8_unicode_ci;

insert into `employeeWorkTypes` (`value`, `desc`, `pos`) select `value`, `desc`, `pos` from `link_data` where name = 'Состояния сотрудника';

delimiter $$
CREATE TRIGGER `updateFlightTime` BEFORE INSERT ON `flightResults`
FOR EACH ROW 
BEGIN
    UPDATE `employee` SET `totalTimeInMinutes` = `totalTimeInMinutes` + (HOUR(NEW.flightTime) * 60 + MINUTE(NEW.flightTime)), `totalTimeDate` = NOW() WHERE id = NEW.ownerId AND NEW.showInTotal = 1;
END
$$
delimiter ;

delimiter $$
CREATE TRIGGER `updateFlightTimeOnDelete` BEFORE DELETE ON `flightResults`
FOR EACH ROW 
BEGIN
    UPDATE `employee` SET `totalTimeInMinutes` = `totalTimeInMinutes` - (HOUR(OLD.flightTime) * 60 + MINUTE(OLD.flightTime)), `totalTimeDate` = NOW() WHERE id = OLD.ownerId AND OLD.showInTotal = 1;
END
$$
delimiter ;

delimiter $$
CREATE TRIGGER `updateFlightTimeOnUpdate` BEFORE UPDATE ON `flightResults`
FOR EACH ROW 
BEGIN
    IF NEW.showInTotal = 1 THEN
        IF OLD.showInTotal = 1 THEN
            UPDATE `employee` SET `totalTimeInMinutes` = `totalTimeInMinutes` - (HOUR(OLD.flightTime) * 60 + MINUTE(OLD.flightTime)) + (HOUR(NEW.flightTime) * 60 + MINUTE(NEW.flightTime)), `totalTimeDate` = NOW() WHERE id = OLD.ownerId;
        ELSE
            UPDATE `employee` SET `totalTimeInMinutes` = `totalTimeInMinutes` + (HOUR(NEW.flightTime) * 60 + MINUTE(NEW.flightTime)), `totalTimeDate` = NOW() WHERE id = OLD.ownerId;
        END IF;
    ELSE
        IF OLD.showInTotal = 1 THEN
            UPDATE `employee` SET `totalTimeInMinutes` = `totalTimeInMinutes` - (HOUR(OLD.flightTime) * 60 + MINUTE(OLD.flightTime)), `totalTimeDate` = NOW() WHERE id = OLD.ownerId;
        END IF;
    END IF;
END
$$
delimiter ;

DROP PROCEDURE IF EXISTS `getNextId`;
DELIMITER $$

CREATE PROCEDURE getNextId(IN `recordType` INT(11), OUT nextId INT(11))
BEGIN
    START TRANSACTION;

        SELECT `id` INTO nextId FROM `recordIds` WHERE (`year` = YEAR(CURDATE()) AND `type` = `recordType`);
        SET nextId = (IFNULL(nextId, 0) + 1);

        IF (nextId > 1) THEN
            UPDATE `recordIds` SET `id` = nextId WHERE `year` = YEAR(CURDATE()) AND `type` = `recordType`;
        ELSE
            INSERT INTO `recordIds` (`id`, `year`, `type`)  VALUES (1, YEAR(CURDATE()), `recordType`);
        END IF;
    COMMIT;
    SELECT nextId;
END$$
DELIMITER ;

delimiter $$
CREATE TRIGGER `updateEmployeeLogOnInsert` BEFORE INSERT ON `kwf_users`
FOR EACH ROW 

BEGIN
    INSERT INTO `employeeLogs` (`userId`, `loginDate`)  VALUES (NEW.id, NOW());
END
$$
delimiter ;

delimiter $$
CREATE TRIGGER `updateEmployeeLogOnUpdate` BEFORE UPDATE ON `kwf_users`
FOR EACH ROW 

BEGIN
    IF NEW.last_login <> OLD.last_login THEN
	    INSERT INTO `employeeLogs` (`userId`, `loginDate`)  VALUES (NEW.id, NOW());
	END IF;
END
$$
delimiter ;
