INSERT INTO `kwf_pools` (`id`, `pool`, `pos`, `value`, `visible`) VALUES
(1, 'Languages', 1, 'English', 1),
(2, 'Languages', 2, 'German', 1),
(3, 'Languages', 3, 'French', 1),
(4, 'Languages', 4, 'Italian', 1),
(5, 'Languages', 5, 'Spanish', 1),
(7, 'Branches', 1, 'Education', 1),
(8, 'Branches', 2, 'IT', 1),
(9, 'Branches', 3, 'Medicine', 1),
(10, 'Branches', 4, 'Tourism', 1),
(11, 'Branches', 5, 'Forschung', 1);

INSERT INTO `kwf_users` (`id`, `role`, `language`, `email`, `password`, `password_salt`, `gender`, `title`, `firstname`, `lastname`, `created`, `deleted`, `locked`, `logins`, `last_login`) VALUES
(9, 'admin', 'en', 'demo@koala-framework.org', 'b2c5ae6bb7bec6021e3224f316d8a0c0', '684e86989d', 'male', '', 'Koala', 'Framework', '2011-10-25 10:06:07', 0, 0, 2, '2011-10-25 10:50:59');

CREATE TABLE IF NOT EXISTS `members` (
  `id` int(8) unsigned NOT NULL AUTO_INCREMENT,
  `title` varchar(255) DEFAULT NULL,
  `firstname` varchar(255) NOT NULL DEFAULT '',
  `lastname` varchar(255) CHARACTER SET utf8 COLLATE utf8_unicode_ci NOT NULL,
  `visible` tinyint(3) unsigned NOT NULL DEFAULT '1',
  `birth_date` date DEFAULT NULL,
  `birth_place` varchar(255) DEFAULT NULL,
  `sex` enum('male','female') NOT NULL DEFAULT 'male',
  `external` tinyint(3) unsigned NOT NULL,
  `spouse_firstname` varchar(255) DEFAULT NULL,
  `spouse_title` varchar(255) DEFAULT NULL,
  `spouse_lastname` varchar(255) DEFAULT NULL,
  `spouse_birth_date` date DEFAULT NULL,
  `spouse_job` varchar(255) DEFAULT NULL,
  `spouse_email` varchar(255) DEFAULT NULL,
  `branch_id` smallint(5) unsigned DEFAULT NULL,
  `subbranch` varchar(255) DEFAULT NULL,
  `branch_note` varchar(255) NOT NULL,
  `business_title` varchar(170) NOT NULL,
  `club_role` varchar(255) DEFAULT NULL,
  `company` varchar(255) DEFAULT NULL,
  `company_address` varchar(255) DEFAULT NULL,
  `company_country` varchar(5) DEFAULT NULL,
  `company_postcode` varchar(255) DEFAULT NULL,
  `company_city` varchar(50) DEFAULT NULL,
  `company_telephone_country` varchar(5) DEFAULT NULL,
  `company_telephone_pre` varchar(10) DEFAULT NULL,
  `company_telephone` varchar(255) DEFAULT NULL,
  `company_mobile_country` varchar(5) DEFAULT NULL,
  `company_mobile_pre` varchar(10) DEFAULT NULL,
  `company_mobile` varchar(255) DEFAULT NULL,
  `company_fax_country` varchar(5) DEFAULT NULL,
  `company_fax_pre` varchar(10) DEFAULT NULL,
  `company_fax` varchar(255) DEFAULT NULL,
  `company_email` varchar(255) DEFAULT NULL,
  `company_url` varchar(255) DEFAULT NULL,
  `private_address` varchar(50) DEFAULT NULL,
  `private_country` varchar(5) DEFAULT NULL,
  `private_postcode` varchar(255) DEFAULT NULL,
  `private_city` varchar(255) DEFAULT NULL,
  `private_telephone_country` varchar(5) DEFAULT NULL,
  `private_telephone_pre` varchar(10) DEFAULT NULL,
  `private_telephone` varchar(255) DEFAULT NULL,
  `private_mobile_country` varchar(5) DEFAULT NULL,
  `private_mobile_pre` varchar(10) DEFAULT NULL,
  `private_mobile` varchar(255) DEFAULT NULL,
  `private_fax_country` varchar(5) DEFAULT NULL,
  `private_fax_pre` varchar(10) DEFAULT NULL,
  `private_fax` varchar(255) DEFAULT NULL,
  `private_email` varchar(255) DEFAULT NULL,
  `private_url` varchar(255) DEFAULT NULL,
  `miscellaneous` text,
  `picture_id` int(11) DEFAULT NULL,
  `position` varchar(100) NOT NULL,
  PRIMARY KEY (`id`),
  KEY `external` (`external`),
  KEY `branch_id` (`branch_id`),
  KEY `visible` (`visible`),
  KEY `picture_id` (`picture_id`)
) ENGINE=InnoDB  DEFAULT CHARSET=utf8;

INSERT INTO `members` (`id`, `title`, `firstname`, `lastname`, `visible`, `birth_date`, `birth_place`, `sex`, `external`, `spouse_firstname`, `spouse_title`, `spouse_lastname`, `spouse_birth_date`, `spouse_job`, `spouse_email`, `branch_id`, `subbranch`, `branch_note`, `business_title`, `club_role`, `company`, `company_address`, `company_country`, `company_postcode`, `company_city`, `company_telephone_country`, `company_telephone_pre`, `company_telephone`, `company_mobile_country`, `company_mobile_pre`, `company_mobile`, `company_fax_country`, `company_fax_pre`, `company_fax`, `company_email`, `company_url`, `private_address`, `private_country`, `private_postcode`, `private_city`, `private_telephone_country`, `private_telephone_pre`, `private_telephone`, `private_mobile_country`, `private_mobile_pre`, `private_mobile`, `private_fax_country`, `private_fax_pre`, `private_fax`, `private_email`, `private_url`, `miscellaneous`, `picture_id`, `position`) VALUES
(1, '', 'John', 'Doe', 0, NULL, '', 'male', 0, NULL, NULL, NULL, NULL, NULL, NULL, NULL, '', '', '', NULL, 'asdf', 'asdf', NULL, '0815', 'asdfsadf', NULL, '', '', NULL, '', '', NULL, '', '', 'asdf@asdf.com', 'http://xxx.com', '', NULL, '', '', NULL, '', '', NULL, '', '', NULL, '', '', '', '', NULL, 15596, ''),
(2, '', 'Lorem', 'Ipsum', 0, NULL, '', 'male', 0, NULL, NULL, NULL, NULL, NULL, NULL, 35, '', '', '', NULL, '', '', 'AG', '', '', NULL, '', '', NULL, '', '', NULL, '', '', '', '', '', NULL, '', '', NULL, '', '', NULL, '', '', NULL, '', '', '', '', NULL, NULL, ''),
(3, '', 'Jane', 'Miller', 1, NULL, NULL, 'female', 0, NULL, NULL, NULL, NULL, NULL, NULL, NULL, NULL, '', '', NULL, NULL, NULL, NULL, NULL, NULL, NULL, NULL, NULL, NULL, NULL, NULL, NULL, NULL, NULL, NULL, NULL, NULL, NULL, NULL, NULL, NULL, NULL, NULL, NULL, NULL, NULL, NULL, NULL, NULL, NULL, NULL, NULL, NULL, ''),
(4, '', 'Dolor', 'Sit', 1, NULL, NULL, 'female', 0, NULL, NULL, NULL, NULL, NULL, NULL, NULL, NULL, '', '', NULL, NULL, NULL, NULL, NULL, NULL, NULL, NULL, NULL, NULL, NULL, NULL, NULL, NULL, NULL, NULL, NULL, NULL, NULL, NULL, NULL, NULL, NULL, NULL, NULL, NULL, NULL, NULL, NULL, NULL, NULL, NULL, NULL, NULL, '');

CREATE TABLE IF NOT EXISTS `member_contacts` (
  `id` int(11) NOT NULL AUTO_INCREMENT,
  `member_id` int(11) unsigned NOT NULL,
  `date` timestamp NOT NULL DEFAULT CURRENT_TIMESTAMP,
  `text` text NOT NULL,
  `subject` text NOT NULL,
  PRIMARY KEY (`id`),
  KEY `member_id` (`member_id`)
) ENGINE=InnoDB  DEFAULT CHARSET=latin1;


CREATE TABLE IF NOT EXISTS `member_languages` (
  `id` mediumint(8) unsigned NOT NULL AUTO_INCREMENT,
  `pos` tinyint(3) unsigned NOT NULL,
  `language_id` int(5) unsigned DEFAULT NULL,
  `member_id` int(8) unsigned NOT NULL,
  PRIMARY KEY (`id`),
  KEY `member_id` (`member_id`),
  KEY `language_id` (`language_id`)
) ENGINE=InnoDB  DEFAULT CHARSET=utf8 COLLATE=utf8_unicode_ci;

CREATE TABLE IF NOT EXISTS `links` (
`id` int(10) unsigned NOT NULL AUTO_INCREMENT,
`name` varchar(100) COLLATE utf8_unicode_ci NOT NULL,
PRIMARY KEY (`id`),
KEY `name` (`name`)
) ENGINE=InnoDB DEFAULT CHARSET=utf8 COLLATE=utf8_unicode_ci;

CREATE TABLE IF NOT EXISTS `link_data` (
`id` int(10) unsigned NOT NULL AUTO_INCREMENT,
`link_id` int(11) unsigned NOT NULL,
`name` varchar(100) COLLATE utf8_unicode_ci NOT NULL,
`value` varchar(255) COLLATE utf8_unicode_ci NOT NULL,
`desc` varchar(1024) COLLATE utf8_unicode_ci NOT NULL,
PRIMARY KEY (`id`),
KEY `link_id` (`link_id`)
) ENGINE=InnoDB DEFAULT CHARSET=utf8 COLLATE=utf8_unicode_ci;


INSERT INTO `links` (`id`, `name`) VALUES
(13, 'Виды полета'),
(14, 'Визы'),
(9, 'Категории организаций'),
(10, 'Маршруты'),
(6, 'Метео типы'),
(5, 'Оценки'),
(8, 'Позиции на борту'),
(11, 'Регионы'),
(15, 'Типы ВС'),
(7, 'Типы налета'),
(4, 'Типы полетов'),
(12, 'Цели');

-- --------------------------------------------------------

--
-- Dumping data for table `link_data`
--

INSERT INTO `link_data` (`id`, `link_id`, `name`, `value`, `desc`) VALUES
(6, 4, 'Типы полетов', 'Посадка СМУ', 'Посадка СМУ'),
(7, 4, 'Типы полетов', 'Посадка ОСП', 'Посадка ОСП'),
(8, 4, 'Типы полетов', 'Посадка МПВП', 'Посадка МПВП'),
(9, 4, 'Типы полетов', 'Посадка РМС', 'Посадка РМС'),
(10, 4, 'Типы полетов', 'Посадка СИВ', 'Посадка СИВ'),
(11, 4, 'Типы полетов', 'Посадка КТВ', 'Посадка КТВ'),
(12, 4, 'Типы полетов', 'Лебедка вода', 'Лебедка вода'),
(13, 4, 'Типы полетов', 'Лебедка суша', 'Лебедка суша'),
(14, 4, 'Типы полетов', 'Вн.подвеска', 'Вн.подвеска'),
(15, 4, 'Типы полетов', 'Воздущная съемка', 'Воздущная съемка'),
(16, 5, 'Оценки', 'допущен', 'допущен'),
(17, 5, 'Оценки', 'удовл.', 'удовлетворительно'),
(18, 5, 'Оценки', 'хорошо', 'хорошо'),
(19, 5, 'Оценки', 'отлично', 'отлично'),
(20, 6, 'Метео типы', 'ППП день', 'ППП день'),
(21, 6, 'Метео типы', 'ППП ночь', 'ППП ночь'),
(22, 6, 'Метео типы', 'ПВП день', 'ПВП день'),
(23, 6, 'Метео типы', 'ПВП ночь', 'ПВП ночь'),
(24, 7, 'Типы налета', 'Налет', 'Налет'),
(25, 7, 'Типы налета', 'Налет КВС', 'Налет КВС'),
(26, 7, 'Типы налета', 'Налет ночью', 'Налет ночью'),
(27, 7, 'Типы налета', 'Время работы', 'Время работы'),
(28, 7, 'Типы налета', 'КТВ', 'КТВ'),
(29, 7, 'Типы налета', 'МБУ, над водой', 'МБУ, над водой'),
(30, 7, 'Типы налета', 'ППП', 'ППП'),
(31, 7, 'Типы налета', 'Самост.  ВП', 'Самост.  ВП'),
(32, 7, 'Типы налета', 'Лебедка', 'Лебедка'),
(33, 7, 'Типы налета', 'Вн.подвеска', 'Вн.подвеска'),
(34, 7, 'Типы налета', 'Тренировочный', 'Тренировочный'),
(35, 7, 'Типы налета', 'Воздушная съемка', 'Воздушная съемка'),
(36, 7, 'Типы налета', 'ЛАР', 'ЛАР'),
(37, 7, 'Типы налета', 'Инструктор', 'Инструктор'),
(38, 7, 'Типы налета', 'Ночь МБУ (МС)', 'Ночь МБУ (МС)'),
(39, 8, 'Позиции на борту', 'Проверяющий', 'Проверяющий'),
(40, 8, 'Позиции на борту', 'Флайтменеджер', 'Флайтменеджер'),
(41, 8, 'Позиции на борту', 'Стажер', 'Стажер'),
(42, 8, 'Позиции на борту', ' По специальности', ' По специальности'),
(43, 8, 'Позиции на борту', ' По спец-ти + КВС/старший', ' По спец-ти + КВС/старший'),
(44, 8, 'Позиции на борту', ' По специальности + Инструктор', ' По специальности + Инструктор'),
(45, 8, 'Позиции на борту', ' По спец-ти + Стажер', ' По спец-ти + Стажер'),
(46, 9, 'Категории организаций', 'Банки', 'Банки'),
(47, 9, 'Категории организаций', 'ВЛЕК', 'ВЛЕК'),
(48, 9, 'Категории организаций', 'Заводы изготовители', 'Заводы изготовители'),
(49, 9, 'Категории организаций', 'Иные госорганизации', 'Иные госорганизации'),
(50, 9, 'Категории организаций', 'Организации выполняющие ТО', 'Организации выполняющие ТО'),
(51, 9, 'Категории организаций', 'Организации обеспечения полетов', 'Организации обеспечения полетов'),
(52, 9, 'Категории организаций', 'Ремонтные заводы', 'Ремонтные заводы'),
(53, 9, 'Категории организаций', 'Страховые компании', 'Страховые компании'),
(54, 9, 'Категории организаций', 'Учебные заведения', 'Учебные заведения'),
(55, 9, 'Категории организаций', 'ФАС РФ и Региональные представительства', 'ФАС РФ и Региональные представительства'),
(56, 9, 'Категории организаций', 'Эксплуатанты', 'Эксплуатанты'),
(57, 10, 'Маршруты', 'НГЛ-МЛП-НГЛ', 'НГЛ-МЛП-НГЛ'),
(58, 10, 'Маршруты', 'НГЛ-МЛП-Пил Б-НГЛ', 'НГЛ-МЛП-Пил Б-НГЛ'),
(59, 10, 'Маршруты', 'ЮЖХ-НГЛ', 'ЮЖХ-НГЛ'),
(60, 10, 'Маршруты', 'НГЛ-Лун А-НГЛ', 'НГЛ-Лун А-НГЛ'),
(61, 10, 'Маршруты', 'НГЛ-Пил Б-НГЛ', 'НГЛ-Пил Б-НГЛ'),
(62, 10, 'Маршруты', 'НГЛ-ЮЖХ', 'НГЛ-ЮЖХ'),
(63, 10, 'Маршруты', 'НГЛ-Орлан-НГЛ', 'НГЛ-Орлан-НГЛ'),
(64, 10, 'Маршруты', 'ЮЖХ-АДС-ЮЖХ', 'ЮЖХ-АДС-ЮЖХ'),
(65, 10, 'Маршруты', 'НГЛ-АДС-НГЛ', 'НГЛ-АДС-НГЛ'),
(66, 10, 'Маршруты', 'Оха-город-Лазарево-город-Оха', 'Оха-город-Лазарево-город-Оха'),
(67, 10, 'Маршруты', 'НГЛ-Чайво ОПФ-НС-Чайво ОПФ-НГЛ', 'НГЛ-Чайво ОПФ-НС-Чайво ОПФ-НГЛ'),
(68, 10, 'Маршруты', 'НГЛ-МЛП-Лун А-НГЛ', 'НГЛ-МЛП-Лун А-НГЛ'),
(69, 10, 'Маршруты', 'НГЛ-ОПФ-Орлан-ОПФ-НГЛ', 'НГЛ-ОПФ-Орлан-ОПФ-НГЛ'),
(70, 10, 'Маршруты', 'НГЛ-Одопту-НГЛ', 'НГЛ-Одопту-НГЛ'),
(71, 10, 'Маршруты', 'НГЛ', 'НГЛ'),
(72, 10, 'Маршруты', 'ЮЖХ', 'ЮЖХ'),
(73, 10, 'Маршруты', 'НГЛ-Де-Кастри-НГЛ', 'НГЛ-Де-Кастри-НГЛ'),
(74, 10, 'Маршруты', 'НГЛ-ЗОНА-Гастелло-ЮЖХ', 'НГЛ-ЗОНА-Гастелло-ЮЖХ'),
(75, 10, 'Маршруты', 'НГЛ-81 км-НГЛ', 'НГЛ-81 км-НГЛ'),
(76, 11, 'Регионы', 'Океания', 'Oceania'),
(77, 11, 'Регионы', 'Индокитай', 'Indochina'),
(78, 11, 'Регионы', 'Европа', 'Europe'),
(79, 11, 'Регионы', 'Россия', 'Russia'),
(80, 11, 'Регионы', 'Африка', 'Africa'),
(81, 11, 'Регионы', 'Австралия', 'Australia'),
(82, 11, 'Регионы', 'Северная Америка', 'North America'),
(83, 11, 'Регионы', 'Южная Америка', 'South America'),
(84, 11, 'Регионы', 'Ближний Восток', 'Middle East'),
(85, 11, 'Регионы', 'СНГ', 'CIS'),
(86, 11, 'Регионы', 'Средняя Азия', 'Middle Asia'),
(87, 11, 'Регионы', 'Юго-Восточная Азия', 'Southeast Asia'),
(88, 11, 'Регионы', 'Страны Балтии', 'Baltic Countries'),
(89, 11, 'Регионы', 'Центральная Азия', 'Central Asia'),
(90, 11, 'Регионы', 'Антарктика', 'Antarctica'),
(91, 12, 'Цели', 'тр-ка', 'тренировка'),
(92, 12, 'Цели', 'прокр', 'прокрутка'),
(93, 12, 'Цели', 'довод', 'доводка'),
(94, 12, 'Цели', 'ППиГ', 'перевозка пассажиров и грузов'),
(95, 12, 'Цели', 'аэров', 'аэровизуальный'),
(96, 12, 'Цели', 'труба', 'облет трубопровода'),
(97, 12, 'Цели', 'ОСП', 'тренировка заходы ОСП'),
(98, 12, 'Цели', 'санзд', 'сан. задание'),
(99, 12, 'Цели', 'МБУ', 'МБУ'),
(100, 12, 'Цели', 'АСР', 'аварийно-спасательные работы'),
(101, 12, 'Цели', 'ПСО', 'поисково-спасательные работы'),
(102, 12, 'Цели', 'внпод', 'внешняя подвеска'),
(103, 12, 'Цели', 'контр', 'контрольное висение'),
(104, 12, 'Цели', 'перег', 'перегон ВС'),
(105, 12, 'Цели', 'комм', 'коммерческий'),
(106, 12, 'Цели', 'дежур', 'дежурство'),
(107, 12, 'Цели', 'съем', 'воздушная съемка'),
(108, 12, 'Цели', 'ЛАР', 'лесоавиационные работы'),
(109, 12, 'Цели', 'запр', 'заправка'),
(110, 12, 'Цели', 'облет', 'облет ВС'),
(111, 12, 'Цели', 'хран', 'хранение'),
(112, 12, 'Цели', 'резер', 'резерв'),
(113, 13, 'Виды полета', 'C', 'Чартерный'),
(114, 13, 'Виды полета', 'F', 'Регулярный'),
(115, 14, 'Визы', 'Одноразовая', 'Одноразовая'),
(116, 14, 'Визы', 'Многоразовая', 'Многоразовая'),
(117, 14, 'Визы', 'По списку', 'По списку'),
(118, 15, 'Типы ВС', 'Самолет', 'Самолет'),
(119, 15, 'Типы ВС', 'Вертолет', 'Вертолет');

